title,url
Kennel,https://en.wikipedia.org/wiki/Kennel
Cynology,https://en.wikipedia.org/wiki/Cynology
Pack (canine),https://en.wikipedia.org/wiki/Pack_(canine)
Rare breed (dog),https://en.wikipedia.org/wiki/Rare_breed_(dog)
Dogs in ancient China,https://en.wikipedia.org/wiki/Dogs_in_ancient_China
Dog biscuit,https://en.wikipedia.org/wiki/Dog_biscuit
Breed type (dog),https://en.wikipedia.org/wiki/Breed_type_(dog)
Canid hybrid,https://en.wikipedia.org/wiki/Canid_hybrid
Canine physical therapy,https://en.wikipedia.org/wiki/Canine_physical_therapy
Dogs in Mesoamerica,https://en.wikipedia.org/wiki/Dogs_in_Mesoamerica
Interbreeding of dingoes with other domestic dogs,https://en.wikipedia.org/wiki/Interbreeding_of_dingoes_with_other_domestic_dogs
Canine reproduction,https://en.wikipedia.org/wiki/Canine_reproduction
PDSA Certificate for Animal Bravery or Devotion,https://en.wikipedia.org/wiki/PDSA_Certificate_for_Animal_Bravery_or_Devotion
Cropping (animal),https://en.wikipedia.org/wiki/Cropping_(animal)
Pet Check Technology,https://en.wikipedia.org/wiki/Pet_Check_Technology
Dog daycare,https://en.wikipedia.org/wiki/Dog_daycare
Dogs in religion,https://en.wikipedia.org/wiki/Dogs_in_religion
The Ten Commandments of Dog Ownership,https://en.wikipedia.org/wiki/The_Ten_Commandments_of_Dog_Ownership
Roan (color),https://en.wikipedia.org/wiki/Roan_(color)
Panhu,https://en.wikipedia.org/wiki/Panhu
The Dog Pillow,https://en.wikipedia.org/wiki/The_Dog_Pillow
Queen Elizabeth's corgis,https://en.wikipedia.org/wiki/Queen_Elizabeth's_corgis
Dog World (newspaper),https://en.wikipedia.org/wiki/Dog_World_(newspaper)
Origin of the domestic dog,https://en.wikipedia.org/wiki/Origin_of_the_domestic_dog
Cynophobia,https://en.wikipedia.org/wiki/Cynophobia
Walter the Farting Dog,https://en.wikipedia.org/wiki/Walter_the_Farting_Dog
Puppy pregnancy syndrome,https://en.wikipedia.org/wiki/Puppy_pregnancy_syndrome
Human–canine bond,https://en.wikipedia.org/wiki/Human–canine_bond
Mastiff,https://en.wikipedia.org/wiki/Mastiff
My Life in Dog Years,https://en.wikipedia.org/wiki/My_Life_in_Dog_Years
Puppy,https://en.wikipedia.org/wiki/Puppy
Bog Dog,https://en.wikipedia.org/wiki/Bog_Dog
Becerrillo,https://en.wikipedia.org/wiki/Becerrillo
Chiengora,https://en.wikipedia.org/wiki/Chiengora
Lists of dogs,https://en.wikipedia.org/wiki/Lists_of_dogs
Lychee and Dog Meat Festival,https://en.wikipedia.org/wiki/Lychee_and_Dog_Meat_Festival
Saint Guinefort,https://en.wikipedia.org/wiki/Saint_Guinefort
Jed (wolfdog),https://en.wikipedia.org/wiki/Jed_(wolfdog)
Service dog,https://en.wikipedia.org/wiki/Service_dog
Dog,https://en.wikipedia.org/wiki/Dog
Canine Efficiency,https://en.wikipedia.org/wiki/Canine_Efficiency
Dog Parker,https://en.wikipedia.org/wiki/Dog_Parker
Drafting dog,https://en.wikipedia.org/wiki/Drafting_dog
Indian National Kennel Club,https://en.wikipedia.org/wiki/Indian_National_Kennel_Club
Dog meat,https://en.wikipedia.org/wiki/Dog_meat
Dog food,https://en.wikipedia.org/wiki/Dog_food
Dogs in the American Revolutionary War,https://en.wikipedia.org/wiki/Dogs_in_the_American_Revolutionary_War
Rolfi,https://en.wikipedia.org/wiki/Rolfi
Dog bite prevention,https://en.wikipedia.org/wiki/Dog_bite_prevention
Body language of dogs,https://en.wikipedia.org/wiki/Body_language_of_dogs
Tail wagging by dogs,https://en.wikipedia.org/wiki/Tail_wagging_by_dogs
Dog bite,https://en.wikipedia.org/wiki/Dog_bite
Rabies in Haiti,https://en.wikipedia.org/wiki/Rabies_in_Haiti
Pet Fed India,https://en.wikipedia.org/wiki/Pet_Fed_India
Cattery,https://en.wikipedia.org/wiki/Cattery
KattenKabinet,https://en.wikipedia.org/wiki/KattenKabinet
Ailurophobia,https://en.wikipedia.org/wiki/Ailurophobia
Toe tuft,https://en.wikipedia.org/wiki/Toe_tuft
Deaf white cat,https://en.wikipedia.org/wiki/Deaf_white_cat
Cat training,https://en.wikipedia.org/wiki/Cat_training
Cabbit,https://en.wikipedia.org/wiki/Cabbit
Cat lady,https://en.wikipedia.org/wiki/Cat_lady
Cultural depictions of cats,https://en.wikipedia.org/wiki/Cultural_depictions_of_cats
Kitten,https://en.wikipedia.org/wiki/Kitten
Felinology,https://en.wikipedia.org/wiki/Felinology
Fel d 1,https://en.wikipedia.org/wiki/Fel_d_1
Cat-burning,https://en.wikipedia.org/wiki/Cat-burning
Human interaction with cats,https://en.wikipedia.org/wiki/Human_interaction_with_cats
Operation Cat Drop,https://en.wikipedia.org/wiki/Operation_Cat_Drop
Feral cat,https://en.wikipedia.org/wiki/Feral_cat
Pussy,https://en.wikipedia.org/wiki/Pussy
Cat anatomy,https://en.wikipedia.org/wiki/Cat_anatomy
Cat café,https://en.wikipedia.org/wiki/Cat_café
Cat coat genetics,https://en.wikipedia.org/wiki/Cat_coat_genetics
Pinch-induced behavioral inhibition,https://en.wikipedia.org/wiki/Pinch-induced_behavioral_inhibition
Pink cat,https://en.wikipedia.org/wiki/Pink_cat
Cat meat,https://en.wikipedia.org/wiki/Cat_meat
Crumbs and Whiskers,https://en.wikipedia.org/wiki/Crumbs_and_Whiskers
Hermitage cats,https://en.wikipedia.org/wiki/Hermitage_cats
Therapy cat,https://en.wikipedia.org/wiki/Therapy_cat
Cat predation on wildlife,https://en.wikipedia.org/wiki/Cat_predation_on_wildlife
Koneko (cat cafe),https://en.wikipedia.org/wiki/Koneko_(cat_cafe)
Purringtons Cat Lounge,https://en.wikipedia.org/wiki/Purringtons_Cat_Lounge
Cat gap,https://en.wikipedia.org/wiki/Cat_gap
Exotic felines as pets,https://en.wikipedia.org/wiki/Exotic_felines_as_pets
Cats in ancient Egypt,https://en.wikipedia.org/wiki/Cats_in_ancient_Egypt
Cat senses,https://en.wikipedia.org/wiki/Cat_senses
Point coloration,https://en.wikipedia.org/wiki/Point_coloration
Feline zoonosis,https://en.wikipedia.org/wiki/Feline_zoonosis
Cat,https://en.wikipedia.org/wiki/Cat
Cat bite,https://en.wikipedia.org/wiki/Cat_bite
Ancylostoma tubaeforme,https://en.wikipedia.org/wiki/Ancylostoma_tubaeforme
Feline diseases,https://en.wikipedia.org/wiki/Feline_diseases
International Cat Day,https://en.wikipedia.org/wiki/International_Cat_Day
Fish,https://en.wikipedia.org/wiki/Fish
Outline of fish,https://en.wikipedia.org/wiki/Outline_of_fish
Whale,https://en.wikipedia.org/wiki/Whale
Cetacean stranding,https://en.wikipedia.org/wiki/Cetacean_stranding
Exploding whale,https://en.wikipedia.org/wiki/Exploding_whale
Whale fall,https://en.wikipedia.org/wiki/Whale_fall
Cetacean surfacing behaviour,https://en.wikipedia.org/wiki/Cetacean_surfacing_behaviour
Húsavík Whale Museum,https://en.wikipedia.org/wiki/Húsavík_Whale_Museum
52-hertz whale,https://en.wikipedia.org/wiki/52-hertz_whale
Whale watching in Sydney,https://en.wikipedia.org/wiki/Whale_watching_in_Sydney
Whale watching,https://en.wikipedia.org/wiki/Whale_watching
Whales in Ghanaian waters,https://en.wikipedia.org/wiki/Whales_in_Ghanaian_waters
Whale watching in Australia,https://en.wikipedia.org/wiki/Whale_watching_in_Australia
Big Miracle (book),https://en.wikipedia.org/wiki/Big_Miracle_(book)
Whale feces,https://en.wikipedia.org/wiki/Whale_feces
Whale watching in New Zealand,https://en.wikipedia.org/wiki/Whale_watching_in_New_Zealand
Tail sailing,https://en.wikipedia.org/wiki/Tail_sailing
Bubble net feeding,https://en.wikipedia.org/wiki/Bubble_net_feeding
Ethelbert (whale),https://en.wikipedia.org/wiki/Ethelbert_(whale)
