,url,title,other titles,other urls,scores
1467938,https://en.wikipedia.org/wiki/Kennel,Kennel,"['Pet Fed India', 'Dog food', 'Cropping (animal)', 'Kitten', 'Lychee and Dog Meat Festival']","['https://en.wikipedia.org/wiki/Pet_Fed_India', 'https://en.wikipedia.org/wiki/Dog_food', 'https://en.wikipedia.org/wiki/Cropping_(animal)', 'https://en.wikipedia.org/wiki/Kitten', 'https://en.wikipedia.org/wiki/Lychee_and_Dog_Meat_Festival']","[0.99, 0.33, 0.33, 0.33, 0.33]"
275388,https://en.wikipedia.org/wiki/Cynology,Cynology,"['Dog Parker', 'Big Miracle (book)', 'Indian National Kennel Club', 'Walter the Farting Dog', 'Dogs in the American Revolutionary War']","['https://en.wikipedia.org/wiki/Dog_Parker', 'https://en.wikipedia.org/wiki/Big_Miracle_(book)', 'https://en.wikipedia.org/wiki/Indian_National_Kennel_Club', 'https://en.wikipedia.org/wiki/Walter_the_Farting_Dog', 'https://en.wikipedia.org/wiki/Dogs_in_the_American_Revolutionary_War']","[0.95, 0.95, 0.95, 0.95, 0.95]"
2352562,https://en.wikipedia.org/wiki/Pack_(canine),Pack (canine),"['Dog', 'Service dog', 'Cat senses', 'Dogs in religion', 'Cynophobia']","['https://en.wikipedia.org/wiki/Dog', 'https://en.wikipedia.org/wiki/Service_dog', 'https://en.wikipedia.org/wiki/Cat_senses', 'https://en.wikipedia.org/wiki/Dogs_in_religion', 'https://en.wikipedia.org/wiki/Cynophobia']","[1.0, 0.99, 0.98, 0.98, 0.98]"
17021807,https://en.wikipedia.org/wiki/Rare_breed_(dog),Rare breed (dog),[],[],[]
20777185,https://en.wikipedia.org/wiki/Dogs_in_ancient_China,Dogs in ancient China,"['Becerrillo', 'Puppy', 'Body language of dogs', 'Dogs in religion', 'Tail wagging by dogs']","['https://en.wikipedia.org/wiki/Becerrillo', 'https://en.wikipedia.org/wiki/Puppy', 'https://en.wikipedia.org/wiki/Body_language_of_dogs', 'https://en.wikipedia.org/wiki/Dogs_in_religion', 'https://en.wikipedia.org/wiki/Tail_wagging_by_dogs']","[0.83, 0.8, 0.61, 0.6, 0.6]"
4020758,https://en.wikipedia.org/wiki/Dog_biscuit,Dog biscuit,"['Kitten', 'Lychee and Dog Meat Festival', 'Cropping (animal)', 'Dog food', 'Cat meat']","['https://en.wikipedia.org/wiki/Kitten', 'https://en.wikipedia.org/wiki/Lychee_and_Dog_Meat_Festival', 'https://en.wikipedia.org/wiki/Cropping_(animal)', 'https://en.wikipedia.org/wiki/Dog_food', 'https://en.wikipedia.org/wiki/Cat_meat']","[0.99, 0.99, 0.99, 0.99, 0.99]"
17430047,https://en.wikipedia.org/wiki/Breed_type_(dog),Breed type (dog),"['Therapy cat', 'Human interaction with cats', 'Whale', 'Cat', 'Dog World (newspaper)']","['https://en.wikipedia.org/wiki/Therapy_cat', 'https://en.wikipedia.org/wiki/Human_interaction_with_cats', 'https://en.wikipedia.org/wiki/Whale', 'https://en.wikipedia.org/wiki/Cat', 'https://en.wikipedia.org/wiki/Dog_World_(newspaper)']","[0.92, 0.91, 0.91, 0.9, 0.9]"
2676271,https://en.wikipedia.org/wiki/Canid_hybrid,Canid hybrid,"['Canine reproduction', 'Dog World (newspaper)', 'Cat predation on wildlife', 'Pack (canine)', 'Cat senses']","['https://en.wikipedia.org/wiki/Canine_reproduction', 'https://en.wikipedia.org/wiki/Dog_World_(newspaper)', 'https://en.wikipedia.org/wiki/Cat_predation_on_wildlife', 'https://en.wikipedia.org/wiki/Pack_(canine)', 'https://en.wikipedia.org/wiki/Cat_senses']","[1.0, 0.99, 0.96, 0.96, 0.96]"
22044074,https://en.wikipedia.org/wiki/Canine_physical_therapy,Canine physical therapy,"['Cat gap', 'Dog food', 'Cropping (animal)', 'Kitten', 'Lychee and Dog Meat Festival']","['https://en.wikipedia.org/wiki/Cat_gap', 'https://en.wikipedia.org/wiki/Dog_food', 'https://en.wikipedia.org/wiki/Cropping_(animal)', 'https://en.wikipedia.org/wiki/Kitten', 'https://en.wikipedia.org/wiki/Lychee_and_Dog_Meat_Festival']","[0.91, 0.82, 0.82, 0.82, 0.82]"
19282291,https://en.wikipedia.org/wiki/Dogs_in_Mesoamerica,Dogs in Mesoamerica,['Becerrillo'],['https://en.wikipedia.org/wiki/Becerrillo'],[0.09]
23416702,https://en.wikipedia.org/wiki/Interbreeding_of_dingoes_with_other_domestic_dogs,Interbreeding of dingoes with other domestic dogs,"['Canid hybrid', 'Canine reproduction', 'Dog World (newspaper)', 'Pack (canine)', 'Cat predation on wildlife']","['https://en.wikipedia.org/wiki/Canid_hybrid', 'https://en.wikipedia.org/wiki/Canine_reproduction', 'https://en.wikipedia.org/wiki/Dog_World_(newspaper)', 'https://en.wikipedia.org/wiki/Pack_(canine)', 'https://en.wikipedia.org/wiki/Cat_predation_on_wildlife']","[0.7, 0.68, 0.68, 0.67, 0.67]"
5740890,https://en.wikipedia.org/wiki/Canine_reproduction,Canine reproduction,"['Dog World (newspaper)', 'Canid hybrid', 'Cat predation on wildlife', 'Pack (canine)', 'Cat senses']","['https://en.wikipedia.org/wiki/Dog_World_(newspaper)', 'https://en.wikipedia.org/wiki/Canid_hybrid', 'https://en.wikipedia.org/wiki/Cat_predation_on_wildlife', 'https://en.wikipedia.org/wiki/Pack_(canine)', 'https://en.wikipedia.org/wiki/Cat_senses']","[1.0, 1.0, 0.94, 0.93, 0.93]"
31752133,https://en.wikipedia.org/wiki/PDSA_Certificate_for_Animal_Bravery_or_Devotion,PDSA Certificate for Animal Bravery or Devotion,"['Cat bite', 'Tail wagging by dogs', 'Dog bite prevention', 'Origin of the domestic dog', 'The Dog Pillow']","['https://en.wikipedia.org/wiki/Cat_bite', 'https://en.wikipedia.org/wiki/Tail_wagging_by_dogs', 'https://en.wikipedia.org/wiki/Dog_bite_prevention', 'https://en.wikipedia.org/wiki/Origin_of_the_domestic_dog', 'https://en.wikipedia.org/wiki/The_Dog_Pillow']","[1.0, 1.0, 1.0, 1.0, 1.0]"
33069847,https://en.wikipedia.org/wiki/Cropping_(animal),Cropping (animal),"['Dog food', 'Kitten', 'Lychee and Dog Meat Festival', 'Cat meat', 'Dog meat']","['https://en.wikipedia.org/wiki/Dog_food', 'https://en.wikipedia.org/wiki/Kitten', 'https://en.wikipedia.org/wiki/Lychee_and_Dog_Meat_Festival', 'https://en.wikipedia.org/wiki/Cat_meat', 'https://en.wikipedia.org/wiki/Dog_meat']","[1.0, 1.0, 1.0, 1.0, 1.0]"
32912733,https://en.wikipedia.org/wiki/Pet_Check_Technology,Pet Check Technology,['Breed type (dog)'],['https://en.wikipedia.org/wiki/Breed_type_(dog)'],[0.27]
24243398,https://en.wikipedia.org/wiki/Dog_daycare,Dog daycare,"['The Ten Commandments of Dog Ownership', 'Dog bite', 'Cat bite', 'Tail wagging by dogs', 'Dog bite prevention']","['https://en.wikipedia.org/wiki/The_Ten_Commandments_of_Dog_Ownership', 'https://en.wikipedia.org/wiki/Dog_bite', 'https://en.wikipedia.org/wiki/Cat_bite', 'https://en.wikipedia.org/wiki/Tail_wagging_by_dogs', 'https://en.wikipedia.org/wiki/Dog_bite_prevention']","[0.93, 0.38, 0.38, 0.38, 0.38]"
17862013,https://en.wikipedia.org/wiki/Dogs_in_religion,Dogs in religion,"['Service dog', 'Dog bite', 'Tail wagging by dogs', 'Dog bite prevention', 'Cat bite']","['https://en.wikipedia.org/wiki/Service_dog', 'https://en.wikipedia.org/wiki/Dog_bite', 'https://en.wikipedia.org/wiki/Tail_wagging_by_dogs', 'https://en.wikipedia.org/wiki/Dog_bite_prevention', 'https://en.wikipedia.org/wiki/Cat_bite']","[1.0, 1.0, 1.0, 1.0, 1.0]"
34442389,https://en.wikipedia.org/wiki/The_Ten_Commandments_of_Dog_Ownership,The Ten Commandments of Dog Ownership,"['Dog daycare', 'Human interaction with cats', 'Becerrillo', 'Fel d 1']","['https://en.wikipedia.org/wiki/Dog_daycare', 'https://en.wikipedia.org/wiki/Human_interaction_with_cats', 'https://en.wikipedia.org/wiki/Becerrillo', 'https://en.wikipedia.org/wiki/Fel_d_1']","[0.93, 0.05, 0.02, 0.01]"
178449,https://en.wikipedia.org/wiki/Roan_(color),Roan (color),"['Therapy cat', 'Whale', 'Human interaction with cats', 'Cat', 'Dog World (newspaper)']","['https://en.wikipedia.org/wiki/Therapy_cat', 'https://en.wikipedia.org/wiki/Whale', 'https://en.wikipedia.org/wiki/Human_interaction_with_cats', 'https://en.wikipedia.org/wiki/Cat', 'https://en.wikipedia.org/wiki/Dog_World_(newspaper)']","[0.16, 0.16, 0.16, 0.16, 0.15]"
36477294,https://en.wikipedia.org/wiki/Panhu,Panhu,[],[],[]
31804256,https://en.wikipedia.org/wiki/The_Dog_Pillow,The Dog Pillow,"['Cat bite', 'Tail wagging by dogs', 'Dog bite prevention', 'Origin of the domestic dog', 'The Dog Pillow']","['https://en.wikipedia.org/wiki/Cat_bite', 'https://en.wikipedia.org/wiki/Tail_wagging_by_dogs', 'https://en.wikipedia.org/wiki/Dog_bite_prevention', 'https://en.wikipedia.org/wiki/Origin_of_the_domestic_dog', 'https://en.wikipedia.org/wiki/The_Dog_Pillow']","[1.0, 1.0, 1.0, 1.0, 1.0]"
37049778,https://en.wikipedia.org/wiki/Queen_Elizabeth's_corgis,Queen Elizabeth's corgis,"['Dogs in the American Revolutionary War', 'Indian National Kennel Club', 'Dog Parker', ""Queen Elizabeth's corgis"", 'Walter the Farting Dog']","['https://en.wikipedia.org/wiki/Dogs_in_the_American_Revolutionary_War', 'https://en.wikipedia.org/wiki/Indian_National_Kennel_Club', 'https://en.wikipedia.org/wiki/Dog_Parker', ""https://en.wikipedia.org/wiki/Queen_Elizabeth's_corgis"", 'https://en.wikipedia.org/wiki/Walter_the_Farting_Dog']","[1.0, 1.0, 1.0, 1.0, 1.0]"
22345050,https://en.wikipedia.org/wiki/Dog_World_(newspaper),Dog World (newspaper),"['Canine reproduction', 'Canid hybrid', 'Cat predation on wildlife', 'Pack (canine)', 'Cat senses']","['https://en.wikipedia.org/wiki/Canine_reproduction', 'https://en.wikipedia.org/wiki/Canid_hybrid', 'https://en.wikipedia.org/wiki/Cat_predation_on_wildlife', 'https://en.wikipedia.org/wiki/Pack_(canine)', 'https://en.wikipedia.org/wiki/Cat_senses']","[1.0, 0.99, 0.94, 0.93, 0.93]"
5141410,https://en.wikipedia.org/wiki/Origin_of_the_domestic_dog,Origin of the domestic dog,"['Cat bite', 'Tail wagging by dogs', 'Dog bite prevention', 'Origin of the domestic dog', 'The Dog Pillow']","['https://en.wikipedia.org/wiki/Cat_bite', 'https://en.wikipedia.org/wiki/Tail_wagging_by_dogs', 'https://en.wikipedia.org/wiki/Dog_bite_prevention', 'https://en.wikipedia.org/wiki/Origin_of_the_domestic_dog', 'https://en.wikipedia.org/wiki/The_Dog_Pillow']","[1.0, 1.0, 1.0, 1.0, 1.0]"
9369613,https://en.wikipedia.org/wiki/Cynophobia,Cynophobia,"['Dog', 'Service dog', 'Dogs in religion', 'Pack (canine)', 'Cat bite']","['https://en.wikipedia.org/wiki/Dog', 'https://en.wikipedia.org/wiki/Service_dog', 'https://en.wikipedia.org/wiki/Dogs_in_religion', 'https://en.wikipedia.org/wiki/Pack_(canine)', 'https://en.wikipedia.org/wiki/Cat_bite']","[0.98, 0.98, 0.98, 0.98, 0.98]"
10579085,https://en.wikipedia.org/wiki/Walter_the_Farting_Dog,Walter the Farting Dog,"['Dogs in the American Revolutionary War', 'Indian National Kennel Club', 'Dog Parker', ""Queen Elizabeth's corgis"", 'Walter the Farting Dog']","['https://en.wikipedia.org/wiki/Dogs_in_the_American_Revolutionary_War', 'https://en.wikipedia.org/wiki/Indian_National_Kennel_Club', 'https://en.wikipedia.org/wiki/Dog_Parker', ""https://en.wikipedia.org/wiki/Queen_Elizabeth's_corgis"", 'https://en.wikipedia.org/wiki/Walter_the_Farting_Dog']","[1.0, 1.0, 1.0, 1.0, 1.0]"
38928070,https://en.wikipedia.org/wiki/Puppy_pregnancy_syndrome,Puppy pregnancy syndrome,"['Dog bite', 'Cat bite', 'Tail wagging by dogs', 'Dog bite prevention', 'Origin of the domestic dog']","['https://en.wikipedia.org/wiki/Dog_bite', 'https://en.wikipedia.org/wiki/Cat_bite', 'https://en.wikipedia.org/wiki/Tail_wagging_by_dogs', 'https://en.wikipedia.org/wiki/Dog_bite_prevention', 'https://en.wikipedia.org/wiki/Origin_of_the_domestic_dog']","[0.87, 0.87, 0.87, 0.87, 0.87]"
31903693,https://en.wikipedia.org/wiki/Human–canine_bond,Human–canine bond,"['Cat bite', 'Dog bite', 'Tail wagging by dogs', 'Dog bite prevention', 'PDSA Certificate for Animal Bravery or Devotion']","['https://en.wikipedia.org/wiki/Cat_bite', 'https://en.wikipedia.org/wiki/Dog_bite', 'https://en.wikipedia.org/wiki/Tail_wagging_by_dogs', 'https://en.wikipedia.org/wiki/Dog_bite_prevention', 'https://en.wikipedia.org/wiki/PDSA_Certificate_for_Animal_Bravery_or_Devotion']","[0.96, 0.96, 0.96, 0.96, 0.96]"
849619,https://en.wikipedia.org/wiki/Mastiff,Mastiff,['Feline zoonosis'],['https://en.wikipedia.org/wiki/Feline_zoonosis'],[0.61]
21303741,https://en.wikipedia.org/wiki/My_Life_in_Dog_Years,My Life in Dog Years,[],[],[]
5205615,https://en.wikipedia.org/wiki/Puppy,Puppy,"['Tail wagging by dogs', 'Cat bite', 'Dog bite', 'Dog bite prevention', 'Origin of the domestic dog']","['https://en.wikipedia.org/wiki/Tail_wagging_by_dogs', 'https://en.wikipedia.org/wiki/Cat_bite', 'https://en.wikipedia.org/wiki/Dog_bite', 'https://en.wikipedia.org/wiki/Dog_bite_prevention', 'https://en.wikipedia.org/wiki/Origin_of_the_domestic_dog']","[0.96, 0.96, 0.96, 0.96, 0.96]"
42498898,https://en.wikipedia.org/wiki/Bog_Dog,Bog Dog,['Rolfi'],['https://en.wikipedia.org/wiki/Rolfi'],[1.0]
44444481,https://en.wikipedia.org/wiki/Becerrillo,Becerrillo,"['Dogs in ancient China', 'Cats in ancient Egypt', 'Puppy', 'Chiengora', 'Therapy cat']","['https://en.wikipedia.org/wiki/Dogs_in_ancient_China', 'https://en.wikipedia.org/wiki/Cats_in_ancient_Egypt', 'https://en.wikipedia.org/wiki/Puppy', 'https://en.wikipedia.org/wiki/Chiengora', 'https://en.wikipedia.org/wiki/Therapy_cat']","[0.83, 0.42, 0.38, 0.31, 0.3]"
11159584,https://en.wikipedia.org/wiki/Chiengora,Chiengora,"['Pinch-induced behavioral inhibition', 'Cat anatomy', 'Feral cat', 'Becerrillo', 'Dogs in ancient China']","['https://en.wikipedia.org/wiki/Pinch-induced_behavioral_inhibition', 'https://en.wikipedia.org/wiki/Cat_anatomy', 'https://en.wikipedia.org/wiki/Feral_cat', 'https://en.wikipedia.org/wiki/Becerrillo', 'https://en.wikipedia.org/wiki/Dogs_in_ancient_China']","[0.94, 0.84, 0.68, 0.31, 0.26]"
37331361,https://en.wikipedia.org/wiki/Lists_of_dogs,Lists of dogs,['Drafting dog'],['https://en.wikipedia.org/wiki/Drafting_dog'],[0.85]
47048387,https://en.wikipedia.org/wiki/Lychee_and_Dog_Meat_Festival,Lychee and Dog Meat Festival,"['Cat meat', 'Dog meat', 'Walter the Farting Dog', 'Dogs in the American Revolutionary War', 'Big Miracle (book)']","['https://en.wikipedia.org/wiki/Cat_meat', 'https://en.wikipedia.org/wiki/Dog_meat', 'https://en.wikipedia.org/wiki/Walter_the_Farting_Dog', 'https://en.wikipedia.org/wiki/Dogs_in_the_American_Revolutionary_War', 'https://en.wikipedia.org/wiki/Big_Miracle_(book)']","[1.0, 1.0, 1.0, 1.0, 1.0]"
1505145,https://en.wikipedia.org/wiki/Saint_Guinefort,Saint Guinefort,"['Rabies in Haiti', 'Cynophobia']","['https://en.wikipedia.org/wiki/Rabies_in_Haiti', 'https://en.wikipedia.org/wiki/Cynophobia']","[0.19, 0.17]"
47079044,https://en.wikipedia.org/wiki/Jed_(wolfdog),Jed (wolfdog),"['Koneko (cat cafe)', 'Dog bite', 'Cat bite', 'Tail wagging by dogs', 'Dog bite prevention']","['https://en.wikipedia.org/wiki/Koneko_(cat_cafe)', 'https://en.wikipedia.org/wiki/Dog_bite', 'https://en.wikipedia.org/wiki/Cat_bite', 'https://en.wikipedia.org/wiki/Tail_wagging_by_dogs', 'https://en.wikipedia.org/wiki/Dog_bite_prevention']","[0.85, 0.08, 0.08, 0.08, 0.08]"
76940,https://en.wikipedia.org/wiki/Service_dog,Service dog,"['Dogs in religion', 'Dog', 'Dog bite', 'Tail wagging by dogs', 'Dog bite prevention']","['https://en.wikipedia.org/wiki/Dogs_in_religion', 'https://en.wikipedia.org/wiki/Dog', 'https://en.wikipedia.org/wiki/Dog_bite', 'https://en.wikipedia.org/wiki/Tail_wagging_by_dogs', 'https://en.wikipedia.org/wiki/Dog_bite_prevention']","[1.0, 1.0, 1.0, 1.0, 1.0]"
4269567,https://en.wikipedia.org/wiki/Dog,Dog,"['Service dog', 'Pack (canine)', 'Dogs in religion', 'PDSA Certificate for Animal Bravery or Devotion', 'The Dog Pillow']","['https://en.wikipedia.org/wiki/Service_dog', 'https://en.wikipedia.org/wiki/Pack_(canine)', 'https://en.wikipedia.org/wiki/Dogs_in_religion', 'https://en.wikipedia.org/wiki/PDSA_Certificate_for_Animal_Bravery_or_Devotion', 'https://en.wikipedia.org/wiki/The_Dog_Pillow']","[1.0, 1.0, 0.99, 0.99, 0.99]"
42707354,https://en.wikipedia.org/wiki/Canine_Efficiency,Canine Efficiency,[],[],[]
50714180,https://en.wikipedia.org/wiki/Dog_Parker,Dog Parker,"['Dogs in the American Revolutionary War', 'Indian National Kennel Club', 'Dog Parker', ""Queen Elizabeth's corgis"", 'Walter the Farting Dog']","['https://en.wikipedia.org/wiki/Dogs_in_the_American_Revolutionary_War', 'https://en.wikipedia.org/wiki/Indian_National_Kennel_Club', 'https://en.wikipedia.org/wiki/Dog_Parker', ""https://en.wikipedia.org/wiki/Queen_Elizabeth's_corgis"", 'https://en.wikipedia.org/wiki/Walter_the_Farting_Dog']","[1.0, 1.0, 1.0, 1.0, 1.0]"
51058554,https://en.wikipedia.org/wiki/Drafting_dog,Drafting dog,"['Lists of dogs', 'Rabies in Haiti', 'Deaf white cat', 'Cat senses', 'Cat bite']","['https://en.wikipedia.org/wiki/Lists_of_dogs', 'https://en.wikipedia.org/wiki/Rabies_in_Haiti', 'https://en.wikipedia.org/wiki/Deaf_white_cat', 'https://en.wikipedia.org/wiki/Cat_senses', 'https://en.wikipedia.org/wiki/Cat_bite']","[0.85, 0.44, 0.39, 0.37, 0.36]"
51676708,https://en.wikipedia.org/wiki/Indian_National_Kennel_Club,Indian National Kennel Club,"['Dogs in the American Revolutionary War', 'Indian National Kennel Club', 'Dog Parker', ""Queen Elizabeth's corgis"", 'Walter the Farting Dog']","['https://en.wikipedia.org/wiki/Dogs_in_the_American_Revolutionary_War', 'https://en.wikipedia.org/wiki/Indian_National_Kennel_Club', 'https://en.wikipedia.org/wiki/Dog_Parker', ""https://en.wikipedia.org/wiki/Queen_Elizabeth's_corgis"", 'https://en.wikipedia.org/wiki/Walter_the_Farting_Dog']","[1.0, 1.0, 1.0, 1.0, 1.0]"
3279728,https://en.wikipedia.org/wiki/Dog_meat,Dog meat,"['Cat meat', 'Walter the Farting Dog', 'Dogs in the American Revolutionary War', 'Big Miracle (book)', 'Indian National Kennel Club']","['https://en.wikipedia.org/wiki/Cat_meat', 'https://en.wikipedia.org/wiki/Walter_the_Farting_Dog', 'https://en.wikipedia.org/wiki/Dogs_in_the_American_Revolutionary_War', 'https://en.wikipedia.org/wiki/Big_Miracle_(book)', 'https://en.wikipedia.org/wiki/Indian_National_Kennel_Club']","[1.0, 1.0, 1.0, 1.0, 1.0]"
236573,https://en.wikipedia.org/wiki/Dog_food,Dog food,"['Cropping (animal)', 'Kitten', 'Lychee and Dog Meat Festival', 'Cat meat', 'Dog meat']","['https://en.wikipedia.org/wiki/Cropping_(animal)', 'https://en.wikipedia.org/wiki/Kitten', 'https://en.wikipedia.org/wiki/Lychee_and_Dog_Meat_Festival', 'https://en.wikipedia.org/wiki/Cat_meat', 'https://en.wikipedia.org/wiki/Dog_meat']","[1.0, 1.0, 1.0, 1.0, 1.0]"
52014686,https://en.wikipedia.org/wiki/Dogs_in_the_American_Revolutionary_War,Dogs in the American Revolutionary War,"['Dogs in the American Revolutionary War', 'Indian National Kennel Club', 'Dog Parker', ""Queen Elizabeth's corgis"", 'Walter the Farting Dog']","['https://en.wikipedia.org/wiki/Dogs_in_the_American_Revolutionary_War', 'https://en.wikipedia.org/wiki/Indian_National_Kennel_Club', 'https://en.wikipedia.org/wiki/Dog_Parker', ""https://en.wikipedia.org/wiki/Queen_Elizabeth's_corgis"", 'https://en.wikipedia.org/wiki/Walter_the_Farting_Dog']","[1.0, 1.0, 1.0, 1.0, 1.0]"
53824388,https://en.wikipedia.org/wiki/Rolfi,Rolfi,['Rolfi'],['https://en.wikipedia.org/wiki/Rolfi'],[1.0]
53874996,https://en.wikipedia.org/wiki/Dog_bite_prevention,Dog bite prevention,"['Cat bite', 'Tail wagging by dogs', 'Dog bite prevention', 'Origin of the domestic dog', 'The Dog Pillow']","['https://en.wikipedia.org/wiki/Cat_bite', 'https://en.wikipedia.org/wiki/Tail_wagging_by_dogs', 'https://en.wikipedia.org/wiki/Dog_bite_prevention', 'https://en.wikipedia.org/wiki/Origin_of_the_domestic_dog', 'https://en.wikipedia.org/wiki/The_Dog_Pillow']","[1.0, 1.0, 1.0, 1.0, 1.0]"
53903332,https://en.wikipedia.org/wiki/Body_language_of_dogs,Body language of dogs,"['Tail wagging by dogs', 'Cat bite', 'Dog bite', 'Dog bite prevention', 'Origin of the domestic dog']","['https://en.wikipedia.org/wiki/Tail_wagging_by_dogs', 'https://en.wikipedia.org/wiki/Cat_bite', 'https://en.wikipedia.org/wiki/Dog_bite', 'https://en.wikipedia.org/wiki/Dog_bite_prevention', 'https://en.wikipedia.org/wiki/Origin_of_the_domestic_dog']","[0.97, 0.97, 0.97, 0.97, 0.97]"
53920285,https://en.wikipedia.org/wiki/Tail_wagging_by_dogs,Tail wagging by dogs,"['Cat bite', 'Tail wagging by dogs', 'Dog bite prevention', 'Origin of the domestic dog', 'The Dog Pillow']","['https://en.wikipedia.org/wiki/Cat_bite', 'https://en.wikipedia.org/wiki/Tail_wagging_by_dogs', 'https://en.wikipedia.org/wiki/Dog_bite_prevention', 'https://en.wikipedia.org/wiki/Origin_of_the_domestic_dog', 'https://en.wikipedia.org/wiki/The_Dog_Pillow']","[1.0, 1.0, 1.0, 1.0, 1.0]"
3304092,https://en.wikipedia.org/wiki/Dog_bite,Dog bite,"['Cat bite', 'Tail wagging by dogs', 'Dog bite prevention', 'Origin of the domestic dog', 'The Dog Pillow']","['https://en.wikipedia.org/wiki/Cat_bite', 'https://en.wikipedia.org/wiki/Tail_wagging_by_dogs', 'https://en.wikipedia.org/wiki/Dog_bite_prevention', 'https://en.wikipedia.org/wiki/Origin_of_the_domestic_dog', 'https://en.wikipedia.org/wiki/The_Dog_Pillow']","[1.0, 1.0, 1.0, 1.0, 1.0]"
53984662,https://en.wikipedia.org/wiki/Rabies_in_Haiti,Rabies in Haiti,"['Cynophobia', 'Service dog', 'Dogs in religion', 'Origin of the domestic dog', 'The Dog Pillow']","['https://en.wikipedia.org/wiki/Cynophobia', 'https://en.wikipedia.org/wiki/Service_dog', 'https://en.wikipedia.org/wiki/Dogs_in_religion', 'https://en.wikipedia.org/wiki/Origin_of_the_domestic_dog', 'https://en.wikipedia.org/wiki/The_Dog_Pillow']","[0.96, 0.95, 0.95, 0.94, 0.94]"
54435831,https://en.wikipedia.org/wiki/Pet_Fed_India,Pet Fed India,"['Kennel', 'Big Miracle (book)', 'Dogs in the American Revolutionary War', 'Indian National Kennel Club', 'Dog Parker']","['https://en.wikipedia.org/wiki/Kennel', 'https://en.wikipedia.org/wiki/Big_Miracle_(book)', 'https://en.wikipedia.org/wiki/Dogs_in_the_American_Revolutionary_War', 'https://en.wikipedia.org/wiki/Indian_National_Kennel_Club', 'https://en.wikipedia.org/wiki/Dog_Parker']","[0.99, 0.32, 0.32, 0.32, 0.32]"
8886648,https://en.wikipedia.org/wiki/Cattery,Cattery,"['Cabbit', 'Deaf white cat', 'Kennel', 'Drafting dog', 'Cat coat genetics']","['https://en.wikipedia.org/wiki/Cabbit', 'https://en.wikipedia.org/wiki/Deaf_white_cat', 'https://en.wikipedia.org/wiki/Kennel', 'https://en.wikipedia.org/wiki/Drafting_dog', 'https://en.wikipedia.org/wiki/Cat_coat_genetics']","[0.11, 0.1, 0.05, 0.04, 0.04]"
17701542,https://en.wikipedia.org/wiki/KattenKabinet,KattenKabinet,[],[],[]
11503984,https://en.wikipedia.org/wiki/Ailurophobia,Ailurophobia,"['Dogs in religion', 'Cat bite', 'Origin of the domestic dog', 'Dog bite', 'The Dog Pillow']","['https://en.wikipedia.org/wiki/Dogs_in_religion', 'https://en.wikipedia.org/wiki/Cat_bite', 'https://en.wikipedia.org/wiki/Origin_of_the_domestic_dog', 'https://en.wikipedia.org/wiki/Dog_bite', 'https://en.wikipedia.org/wiki/The_Dog_Pillow']","[0.78, 0.78, 0.78, 0.78, 0.78]"
12790679,https://en.wikipedia.org/wiki/Toe_tuft,Toe tuft,['Purringtons Cat Lounge'],['https://en.wikipedia.org/wiki/Purringtons_Cat_Lounge'],[0.99]
20901355,https://en.wikipedia.org/wiki/Deaf_white_cat,Deaf white cat,"['Drafting dog', 'Cat coat genetics', 'Rabies in Haiti', 'Cattery', 'Cat senses']","['https://en.wikipedia.org/wiki/Drafting_dog', 'https://en.wikipedia.org/wiki/Cat_coat_genetics', 'https://en.wikipedia.org/wiki/Rabies_in_Haiti', 'https://en.wikipedia.org/wiki/Cattery', 'https://en.wikipedia.org/wiki/Cat_senses']","[0.39, 0.39, 0.26, 0.1, 0.08]"
22078621,https://en.wikipedia.org/wiki/Cat_training,Cat training,"['Tail sailing', '52-hertz whale', 'Cetacean surfacing behaviour', 'The Dog Pillow', 'Tail wagging by dogs']","['https://en.wikipedia.org/wiki/Tail_sailing', 'https://en.wikipedia.org/wiki/52-hertz_whale', 'https://en.wikipedia.org/wiki/Cetacean_surfacing_behaviour', 'https://en.wikipedia.org/wiki/The_Dog_Pillow', 'https://en.wikipedia.org/wiki/Tail_wagging_by_dogs']","[0.74, 0.46, 0.16, 0.07, 0.07]"
536789,https://en.wikipedia.org/wiki/Cabbit,Cabbit,"['Hermitage cats', 'Dogs in the American Revolutionary War', 'Walter the Farting Dog', 'Big Miracle (book)', 'Dog Parker']","['https://en.wikipedia.org/wiki/Hermitage_cats', 'https://en.wikipedia.org/wiki/Dogs_in_the_American_Revolutionary_War', 'https://en.wikipedia.org/wiki/Walter_the_Farting_Dog', 'https://en.wikipedia.org/wiki/Big_Miracle_(book)', 'https://en.wikipedia.org/wiki/Dog_Parker']","[0.48, 0.39, 0.39, 0.39, 0.39]"
24727796,https://en.wikipedia.org/wiki/Cat_lady,Cat lady,"['International Cat Day', 'Felinology', 'Operation Cat Drop', 'Pussy', 'Point coloration']","['https://en.wikipedia.org/wiki/International_Cat_Day', 'https://en.wikipedia.org/wiki/Felinology', 'https://en.wikipedia.org/wiki/Operation_Cat_Drop', 'https://en.wikipedia.org/wiki/Pussy', 'https://en.wikipedia.org/wiki/Point_coloration']","[1.0, 1.0, 0.83, 0.82, 0.7]"
3474408,https://en.wikipedia.org/wiki/Cultural_depictions_of_cats,Cultural depictions of cats,"['Therapy cat', 'Human interaction with cats', 'Whale', 'Cat', 'Cats in ancient Egypt']","['https://en.wikipedia.org/wiki/Therapy_cat', 'https://en.wikipedia.org/wiki/Human_interaction_with_cats', 'https://en.wikipedia.org/wiki/Whale', 'https://en.wikipedia.org/wiki/Cat', 'https://en.wikipedia.org/wiki/Cats_in_ancient_Egypt']","[0.91, 0.9, 0.9, 0.89, 0.89]"
66365,https://en.wikipedia.org/wiki/Kitten,Kitten,"['Cropping (animal)', 'Dog food', 'Lychee and Dog Meat Festival', 'Cat meat', 'Dog meat']","['https://en.wikipedia.org/wiki/Cropping_(animal)', 'https://en.wikipedia.org/wiki/Dog_food', 'https://en.wikipedia.org/wiki/Lychee_and_Dog_Meat_Festival', 'https://en.wikipedia.org/wiki/Cat_meat', 'https://en.wikipedia.org/wiki/Dog_meat']","[1.0, 1.0, 1.0, 1.0, 1.0]"
14981609,https://en.wikipedia.org/wiki/Felinology,Felinology,"['International Cat Day', 'Cat lady', 'Operation Cat Drop', 'Pussy', 'Point coloration']","['https://en.wikipedia.org/wiki/International_Cat_Day', 'https://en.wikipedia.org/wiki/Cat_lady', 'https://en.wikipedia.org/wiki/Operation_Cat_Drop', 'https://en.wikipedia.org/wiki/Pussy', 'https://en.wikipedia.org/wiki/Point_coloration']","[1.0, 1.0, 0.84, 0.8, 0.71]"
7321359,https://en.wikipedia.org/wiki/Fel_d_1,Fel d 1,"['The Ten Commandments of Dog Ownership', 'Dog daycare', 'Human interaction with cats', 'Becerrillo']","['https://en.wikipedia.org/wiki/The_Ten_Commandments_of_Dog_Ownership', 'https://en.wikipedia.org/wiki/Dog_daycare', 'https://en.wikipedia.org/wiki/Human_interaction_with_cats', 'https://en.wikipedia.org/wiki/Becerrillo']","[0.01, 0.01, 0.0, 0.0]"
8727319,https://en.wikipedia.org/wiki/Cat-burning,Cat-burning,"['Cat meat', 'Dog meat', 'Lychee and Dog Meat Festival', 'Walter the Farting Dog', 'Big Miracle (book)']","['https://en.wikipedia.org/wiki/Cat_meat', 'https://en.wikipedia.org/wiki/Dog_meat', 'https://en.wikipedia.org/wiki/Lychee_and_Dog_Meat_Festival', 'https://en.wikipedia.org/wiki/Walter_the_Farting_Dog', 'https://en.wikipedia.org/wiki/Big_Miracle_(book)']","[0.85, 0.85, 0.85, 0.85, 0.85]"
36205810,https://en.wikipedia.org/wiki/Human_interaction_with_cats,Human interaction with cats,"['Cat', 'Therapy cat', 'Whale', 'Dog World (newspaper)', 'Breed type (dog)']","['https://en.wikipedia.org/wiki/Cat', 'https://en.wikipedia.org/wiki/Therapy_cat', 'https://en.wikipedia.org/wiki/Whale', 'https://en.wikipedia.org/wiki/Dog_World_(newspaper)', 'https://en.wikipedia.org/wiki/Breed_type_(dog)']","[0.99, 0.98, 0.97, 0.91, 0.91]"
22072677,https://en.wikipedia.org/wiki/Operation_Cat_Drop,Operation Cat Drop,"['Felinology', 'International Cat Day', 'Cat lady', 'Pussy', 'Point coloration']","['https://en.wikipedia.org/wiki/Felinology', 'https://en.wikipedia.org/wiki/International_Cat_Day', 'https://en.wikipedia.org/wiki/Cat_lady', 'https://en.wikipedia.org/wiki/Pussy', 'https://en.wikipedia.org/wiki/Point_coloration']","[0.84, 0.84, 0.83, 0.66, 0.59]"
895672,https://en.wikipedia.org/wiki/Feral_cat,Feral cat,"['Cat anatomy', 'Cat', 'Human interaction with cats', 'Pinch-induced behavioral inhibition', 'Cat predation on wildlife']","['https://en.wikipedia.org/wiki/Cat_anatomy', 'https://en.wikipedia.org/wiki/Cat', 'https://en.wikipedia.org/wiki/Human_interaction_with_cats', 'https://en.wikipedia.org/wiki/Pinch-induced_behavioral_inhibition', 'https://en.wikipedia.org/wiki/Cat_predation_on_wildlife']","[0.89, 0.78, 0.77, 0.72, 0.71]"
113180,https://en.wikipedia.org/wiki/Pussy,Pussy,"['Cat lady', 'Cats in ancient Egypt', 'Felinology', 'International Cat Day', 'Cultural depictions of cats']","['https://en.wikipedia.org/wiki/Cat_lady', 'https://en.wikipedia.org/wiki/Cats_in_ancient_Egypt', 'https://en.wikipedia.org/wiki/Felinology', 'https://en.wikipedia.org/wiki/International_Cat_Day', 'https://en.wikipedia.org/wiki/Cultural_depictions_of_cats']","[0.82, 0.81, 0.8, 0.8, 0.67]"
1519473,https://en.wikipedia.org/wiki/Cat_anatomy,Cat anatomy,"['Feral cat', 'Pinch-induced behavioral inhibition', 'Chiengora', 'Cat café', 'Cat']","['https://en.wikipedia.org/wiki/Feral_cat', 'https://en.wikipedia.org/wiki/Pinch-induced_behavioral_inhibition', 'https://en.wikipedia.org/wiki/Chiengora', 'https://en.wikipedia.org/wiki/Cat_café', 'https://en.wikipedia.org/wiki/Cat']","[0.89, 0.89, 0.84, 0.6, 0.53]"
23875703,https://en.wikipedia.org/wiki/Cat_café,Cat café,"['Walter the Farting Dog', 'Big Miracle (book)', 'Dogs in the American Revolutionary War', 'Indian National Kennel Club', 'Dog Parker']","['https://en.wikipedia.org/wiki/Walter_the_Farting_Dog', 'https://en.wikipedia.org/wiki/Big_Miracle_(book)', 'https://en.wikipedia.org/wiki/Dogs_in_the_American_Revolutionary_War', 'https://en.wikipedia.org/wiki/Indian_National_Kennel_Club', 'https://en.wikipedia.org/wiki/Dog_Parker']","[0.96, 0.96, 0.96, 0.96, 0.96]"
583254,https://en.wikipedia.org/wiki/Cat_coat_genetics,Cat coat genetics,"['Hermitage cats', 'Cat lady', 'Felinology', 'International Cat Day', 'Pussy']","['https://en.wikipedia.org/wiki/Hermitage_cats', 'https://en.wikipedia.org/wiki/Cat_lady', 'https://en.wikipedia.org/wiki/Felinology', 'https://en.wikipedia.org/wiki/International_Cat_Day', 'https://en.wikipedia.org/wiki/Pussy']","[0.7, 0.58, 0.58, 0.58, 0.51]"
44961465,https://en.wikipedia.org/wiki/Pinch-induced_behavioral_inhibition,Pinch-induced behavioral inhibition,"['Chiengora', 'Cat anatomy', 'Feral cat', 'Cat café', 'Cat']","['https://en.wikipedia.org/wiki/Chiengora', 'https://en.wikipedia.org/wiki/Cat_anatomy', 'https://en.wikipedia.org/wiki/Feral_cat', 'https://en.wikipedia.org/wiki/Cat_café', 'https://en.wikipedia.org/wiki/Cat']","[0.94, 0.89, 0.72, 0.27, 0.16]"
45049201,https://en.wikipedia.org/wiki/Pink_cat,Pink cat,"['Big Miracle (book)', 'Dogs in the American Revolutionary War', 'Indian National Kennel Club', 'Dog Parker', 'Walter the Farting Dog']","['https://en.wikipedia.org/wiki/Big_Miracle_(book)', 'https://en.wikipedia.org/wiki/Dogs_in_the_American_Revolutionary_War', 'https://en.wikipedia.org/wiki/Indian_National_Kennel_Club', 'https://en.wikipedia.org/wiki/Dog_Parker', 'https://en.wikipedia.org/wiki/Walter_the_Farting_Dog']","[0.52, 0.52, 0.52, 0.52, 0.52]"
5625640,https://en.wikipedia.org/wiki/Cat_meat,Cat meat,"['Dog meat', 'Walter the Farting Dog', 'Dogs in the American Revolutionary War', 'Big Miracle (book)', 'Indian National Kennel Club']","['https://en.wikipedia.org/wiki/Dog_meat', 'https://en.wikipedia.org/wiki/Walter_the_Farting_Dog', 'https://en.wikipedia.org/wiki/Dogs_in_the_American_Revolutionary_War', 'https://en.wikipedia.org/wiki/Big_Miracle_(book)', 'https://en.wikipedia.org/wiki/Indian_National_Kennel_Club']","[1.0, 1.0, 1.0, 1.0, 1.0]"
46263132,https://en.wikipedia.org/wiki/Crumbs_and_Whiskers,Crumbs and Whiskers,"['Walter the Farting Dog', 'Big Miracle (book)', 'Dogs in the American Revolutionary War', 'Indian National Kennel Club', 'Dog Parker']","['https://en.wikipedia.org/wiki/Walter_the_Farting_Dog', 'https://en.wikipedia.org/wiki/Big_Miracle_(book)', 'https://en.wikipedia.org/wiki/Dogs_in_the_American_Revolutionary_War', 'https://en.wikipedia.org/wiki/Indian_National_Kennel_Club', 'https://en.wikipedia.org/wiki/Dog_Parker']","[0.88, 0.88, 0.88, 0.88, 0.88]"
47132135,https://en.wikipedia.org/wiki/Hermitage_cats,Hermitage cats,"['Cat coat genetics', 'Cabbit', 'Cat predation on wildlife', 'Human interaction with cats', 'Cultural depictions of cats']","['https://en.wikipedia.org/wiki/Cat_coat_genetics', 'https://en.wikipedia.org/wiki/Cabbit', 'https://en.wikipedia.org/wiki/Cat_predation_on_wildlife', 'https://en.wikipedia.org/wiki/Human_interaction_with_cats', 'https://en.wikipedia.org/wiki/Cultural_depictions_of_cats']","[0.7, 0.48, 0.17, 0.08, 0.07]"
4678428,https://en.wikipedia.org/wiki/Therapy_cat,Therapy cat,"['Whale', 'Human interaction with cats', 'Cat', 'Breed type (dog)', 'Dog World (newspaper)']","['https://en.wikipedia.org/wiki/Whale', 'https://en.wikipedia.org/wiki/Human_interaction_with_cats', 'https://en.wikipedia.org/wiki/Cat', 'https://en.wikipedia.org/wiki/Breed_type_(dog)', 'https://en.wikipedia.org/wiki/Dog_World_(newspaper)']","[0.98, 0.98, 0.98, 0.92, 0.92]"
49538597,https://en.wikipedia.org/wiki/Cat_predation_on_wildlife,Cat predation on wildlife,"['Pack (canine)', 'Canid hybrid', 'Cat senses', 'Dog', 'Canine reproduction']","['https://en.wikipedia.org/wiki/Pack_(canine)', 'https://en.wikipedia.org/wiki/Canid_hybrid', 'https://en.wikipedia.org/wiki/Cat_senses', 'https://en.wikipedia.org/wiki/Dog', 'https://en.wikipedia.org/wiki/Canine_reproduction']","[0.97, 0.96, 0.96, 0.95, 0.94]"
49876887,https://en.wikipedia.org/wiki/Koneko_(cat_cafe),Koneko (cat cafe),"['Jed (wolfdog)', 'Big Miracle (book)', 'Dogs in the American Revolutionary War', 'Indian National Kennel Club', 'Dog Parker']","['https://en.wikipedia.org/wiki/Jed_(wolfdog)', 'https://en.wikipedia.org/wiki/Big_Miracle_(book)', 'https://en.wikipedia.org/wiki/Dogs_in_the_American_Revolutionary_War', 'https://en.wikipedia.org/wiki/Indian_National_Kennel_Club', 'https://en.wikipedia.org/wiki/Dog_Parker']","[0.85, 0.52, 0.52, 0.52, 0.52]"
51074710,https://en.wikipedia.org/wiki/Purringtons_Cat_Lounge,Purringtons Cat Lounge,"['Toe tuft', 'Cultural depictions of cats']","['https://en.wikipedia.org/wiki/Toe_tuft', 'https://en.wikipedia.org/wiki/Cultural_depictions_of_cats']","[0.99, 0.05]"
20355828,https://en.wikipedia.org/wiki/Cat_gap,Cat gap,"['Canine physical therapy', 'Therapy cat', 'Whale', 'Human interaction with cats', 'Cat']","['https://en.wikipedia.org/wiki/Canine_physical_therapy', 'https://en.wikipedia.org/wiki/Therapy_cat', 'https://en.wikipedia.org/wiki/Whale', 'https://en.wikipedia.org/wiki/Human_interaction_with_cats', 'https://en.wikipedia.org/wiki/Cat']","[0.91, 0.87, 0.86, 0.86, 0.85]"
51511707,https://en.wikipedia.org/wiki/Exotic_felines_as_pets,Exotic felines as pets,"['Whale fall', 'Cat', 'Feral cat']","['https://en.wikipedia.org/wiki/Whale_fall', 'https://en.wikipedia.org/wiki/Cat', 'https://en.wikipedia.org/wiki/Feral_cat']","[0.7, 0.12, 0.12]"
1846593,https://en.wikipedia.org/wiki/Cats_in_ancient_Egypt,Cats in ancient Egypt,"['Dog food', 'Cropping (animal)', 'Therapy cat', 'Kitten', 'Lychee and Dog Meat Festival']","['https://en.wikipedia.org/wiki/Dog_food', 'https://en.wikipedia.org/wiki/Cropping_(animal)', 'https://en.wikipedia.org/wiki/Therapy_cat', 'https://en.wikipedia.org/wiki/Kitten', 'https://en.wikipedia.org/wiki/Lychee_and_Dog_Meat_Festival']","[0.9, 0.9, 0.9, 0.9, 0.9]"
8526165,https://en.wikipedia.org/wiki/Cat_senses,Cat senses,"['Pack (canine)', 'Dog', 'Service dog', 'Cynophobia', 'Dogs in religion']","['https://en.wikipedia.org/wiki/Pack_(canine)', 'https://en.wikipedia.org/wiki/Dog', 'https://en.wikipedia.org/wiki/Service_dog', 'https://en.wikipedia.org/wiki/Cynophobia', 'https://en.wikipedia.org/wiki/Dogs_in_religion']","[0.98, 0.98, 0.96, 0.96, 0.96]"
1136673,https://en.wikipedia.org/wiki/Point_coloration,Point coloration,"['International Cat Day', 'Felinology', 'Cat lady', 'Operation Cat Drop', 'Pussy']","['https://en.wikipedia.org/wiki/International_Cat_Day', 'https://en.wikipedia.org/wiki/Felinology', 'https://en.wikipedia.org/wiki/Cat_lady', 'https://en.wikipedia.org/wiki/Operation_Cat_Drop', 'https://en.wikipedia.org/wiki/Pussy']","[0.71, 0.71, 0.7, 0.59, 0.56]"
52390011,https://en.wikipedia.org/wiki/Feline_zoonosis,Feline zoonosis,"['Tail wagging by dogs', 'Cat bite', 'Dog bite', 'Dog bite prevention', 'Origin of the domestic dog']","['https://en.wikipedia.org/wiki/Tail_wagging_by_dogs', 'https://en.wikipedia.org/wiki/Cat_bite', 'https://en.wikipedia.org/wiki/Dog_bite', 'https://en.wikipedia.org/wiki/Dog_bite_prevention', 'https://en.wikipedia.org/wiki/Origin_of_the_domestic_dog']","[0.8, 0.8, 0.8, 0.8, 0.8]"
6678,https://en.wikipedia.org/wiki/Cat,Cat,"['Human interaction with cats', 'Therapy cat', 'Whale', 'Breed type (dog)', 'Dog food']","['https://en.wikipedia.org/wiki/Human_interaction_with_cats', 'https://en.wikipedia.org/wiki/Therapy_cat', 'https://en.wikipedia.org/wiki/Whale', 'https://en.wikipedia.org/wiki/Breed_type_(dog)', 'https://en.wikipedia.org/wiki/Dog_food']","[0.99, 0.98, 0.97, 0.9, 0.9]"
54329819,https://en.wikipedia.org/wiki/Cat_bite,Cat bite,"['Cat bite', 'Tail wagging by dogs', 'Dog bite prevention', 'Origin of the domestic dog', 'The Dog Pillow']","['https://en.wikipedia.org/wiki/Cat_bite', 'https://en.wikipedia.org/wiki/Tail_wagging_by_dogs', 'https://en.wikipedia.org/wiki/Dog_bite_prevention', 'https://en.wikipedia.org/wiki/Origin_of_the_domestic_dog', 'https://en.wikipedia.org/wiki/The_Dog_Pillow']","[1.0, 1.0, 1.0, 1.0, 1.0]"
21682560,https://en.wikipedia.org/wiki/Ancylostoma_tubaeforme,Ancylostoma tubaeforme,['Cat lady'],['https://en.wikipedia.org/wiki/Cat_lady'],[0.02]
54356603,https://en.wikipedia.org/wiki/Feline_diseases,Feline diseases,"['Bubble net feeding', 'Whales in Ghanaian waters', 'Cetacean surfacing behaviour', 'Whale feces', 'Whale']","['https://en.wikipedia.org/wiki/Bubble_net_feeding', 'https://en.wikipedia.org/wiki/Whales_in_Ghanaian_waters', 'https://en.wikipedia.org/wiki/Cetacean_surfacing_behaviour', 'https://en.wikipedia.org/wiki/Whale_feces', 'https://en.wikipedia.org/wiki/Whale']","[1.0, 0.99, 0.89, 0.37, 0.06]"
53286797,https://en.wikipedia.org/wiki/International_Cat_Day,International Cat Day,"['International Cat Day', 'Cat lady', 'Operation Cat Drop', 'Pussy', 'Point coloration']","['https://en.wikipedia.org/wiki/International_Cat_Day', 'https://en.wikipedia.org/wiki/Cat_lady', 'https://en.wikipedia.org/wiki/Operation_Cat_Drop', 'https://en.wikipedia.org/wiki/Pussy', 'https://en.wikipedia.org/wiki/Point_coloration']","[1.0, 1.0, 0.84, 0.8, 0.71]"
4699587,https://en.wikipedia.org/wiki/Fish,Fish,"['Whale watching', 'Whale watching in New Zealand', 'Whale watching in Australia', 'Cetacean stranding', 'Whale watching in Sydney']","['https://en.wikipedia.org/wiki/Whale_watching', 'https://en.wikipedia.org/wiki/Whale_watching_in_New_Zealand', 'https://en.wikipedia.org/wiki/Whale_watching_in_Australia', 'https://en.wikipedia.org/wiki/Cetacean_stranding', 'https://en.wikipedia.org/wiki/Whale_watching_in_Sydney']","[0.94, 0.91, 0.91, 0.82, 0.82]"
35843159,https://en.wikipedia.org/wiki/Outline_of_fish,Outline of fish,"['Fish', 'Whale watching in New Zealand', 'Whale watching in Australia', 'Whale watching', 'Whale watching in Sydney']","['https://en.wikipedia.org/wiki/Fish', 'https://en.wikipedia.org/wiki/Whale_watching_in_New_Zealand', 'https://en.wikipedia.org/wiki/Whale_watching_in_Australia', 'https://en.wikipedia.org/wiki/Whale_watching', 'https://en.wikipedia.org/wiki/Whale_watching_in_Sydney']","[0.13, 0.11, 0.11, 0.11, 0.1]"
33777,https://en.wikipedia.org/wiki/Whale,Whale,"['Therapy cat', 'Human interaction with cats', 'Cat', 'Dog food', 'Cropping (animal)']","['https://en.wikipedia.org/wiki/Therapy_cat', 'https://en.wikipedia.org/wiki/Human_interaction_with_cats', 'https://en.wikipedia.org/wiki/Cat', 'https://en.wikipedia.org/wiki/Dog_food', 'https://en.wikipedia.org/wiki/Cropping_(animal)']","[0.98, 0.97, 0.97, 0.91, 0.91]"
851060,https://en.wikipedia.org/wiki/Cetacean_stranding,Cetacean stranding,"['Exploding whale', 'Whale', 'Fish', 'Ethelbert (whale)', 'Dog food']","['https://en.wikipedia.org/wiki/Exploding_whale', 'https://en.wikipedia.org/wiki/Whale', 'https://en.wikipedia.org/wiki/Fish', 'https://en.wikipedia.org/wiki/Ethelbert_(whale)', 'https://en.wikipedia.org/wiki/Dog_food']","[0.98, 0.82, 0.82, 0.79, 0.76]"
737610,https://en.wikipedia.org/wiki/Exploding_whale,Exploding whale,"['Cetacean stranding', 'Ethelbert (whale)', 'Walter the Farting Dog', 'Dogs in the American Revolutionary War', ""Queen Elizabeth's corgis""]","['https://en.wikipedia.org/wiki/Cetacean_stranding', 'https://en.wikipedia.org/wiki/Ethelbert_(whale)', 'https://en.wikipedia.org/wiki/Walter_the_Farting_Dog', 'https://en.wikipedia.org/wiki/Dogs_in_the_American_Revolutionary_War', ""https://en.wikipedia.org/wiki/Queen_Elizabeth's_corgis""]","[0.98, 0.87, 0.84, 0.84, 0.84]"
1419205,https://en.wikipedia.org/wiki/Whale_fall,Whale fall,"['Exotic felines as pets', 'Whale feces', 'Fish', 'Pack (canine)', 'Dog']","['https://en.wikipedia.org/wiki/Exotic_felines_as_pets', 'https://en.wikipedia.org/wiki/Whale_feces', 'https://en.wikipedia.org/wiki/Fish', 'https://en.wikipedia.org/wiki/Pack_(canine)', 'https://en.wikipedia.org/wiki/Dog']","[0.7, 0.6, 0.6, 0.59, 0.59]"
755842,https://en.wikipedia.org/wiki/Cetacean_surfacing_behaviour,Cetacean surfacing behaviour,"['Whales in Ghanaian waters', 'Bubble net feeding', 'Feline diseases', 'Whale feces', 'Fish']","['https://en.wikipedia.org/wiki/Whales_in_Ghanaian_waters', 'https://en.wikipedia.org/wiki/Bubble_net_feeding', 'https://en.wikipedia.org/wiki/Feline_diseases', 'https://en.wikipedia.org/wiki/Whale_feces', 'https://en.wikipedia.org/wiki/Fish']","[0.94, 0.9, 0.89, 0.62, 0.39]"
23638008,https://en.wikipedia.org/wiki/Húsavík_Whale_Museum,Húsavík Whale Museum,"['Whale watching in New Zealand', 'Whale watching in Australia', 'Whale watching', 'Fish', 'Whale watching in Sydney']","['https://en.wikipedia.org/wiki/Whale_watching_in_New_Zealand', 'https://en.wikipedia.org/wiki/Whale_watching_in_Australia', 'https://en.wikipedia.org/wiki/Whale_watching', 'https://en.wikipedia.org/wiki/Fish', 'https://en.wikipedia.org/wiki/Whale_watching_in_Sydney']","[0.84, 0.84, 0.84, 0.77, 0.74]"
37042447,https://en.wikipedia.org/wiki/52-hertz_whale,52-hertz whale,"['Whale watching in Australia', 'Whale watching in New Zealand', 'Whale watching', 'Fish', 'Whale watching in Sydney']","['https://en.wikipedia.org/wiki/Whale_watching_in_Australia', 'https://en.wikipedia.org/wiki/Whale_watching_in_New_Zealand', 'https://en.wikipedia.org/wiki/Whale_watching', 'https://en.wikipedia.org/wiki/Fish', 'https://en.wikipedia.org/wiki/Whale_watching_in_Sydney']","[0.78, 0.78, 0.78, 0.71, 0.69]"
19600264,https://en.wikipedia.org/wiki/Whale_watching_in_Sydney,Whale watching in Sydney,"['Whale watching in New Zealand', 'Whale watching in Australia', 'Whale watching', 'Fish', 'Húsavík Whale Museum']","['https://en.wikipedia.org/wiki/Whale_watching_in_New_Zealand', 'https://en.wikipedia.org/wiki/Whale_watching_in_Australia', 'https://en.wikipedia.org/wiki/Whale_watching', 'https://en.wikipedia.org/wiki/Fish', 'https://en.wikipedia.org/wiki/Húsavík_Whale_Museum']","[0.88, 0.88, 0.88, 0.82, 0.74]"
300591,https://en.wikipedia.org/wiki/Whale_watching,Whale watching,"['Whale watching in Australia', 'Whale watching in New Zealand', 'Fish', 'Whale watching in Sydney', 'Húsavík Whale Museum']","['https://en.wikipedia.org/wiki/Whale_watching_in_Australia', 'https://en.wikipedia.org/wiki/Whale_watching_in_New_Zealand', 'https://en.wikipedia.org/wiki/Fish', 'https://en.wikipedia.org/wiki/Whale_watching_in_Sydney', 'https://en.wikipedia.org/wiki/Húsavík_Whale_Museum']","[1.0, 1.0, 0.94, 0.88, 0.84]"
42497710,https://en.wikipedia.org/wiki/Whales_in_Ghanaian_waters,Whales in Ghanaian waters,"['Bubble net feeding', 'Feline diseases', 'Cetacean surfacing behaviour', 'Whale feces', 'Whale']","['https://en.wikipedia.org/wiki/Bubble_net_feeding', 'https://en.wikipedia.org/wiki/Feline_diseases', 'https://en.wikipedia.org/wiki/Cetacean_surfacing_behaviour', 'https://en.wikipedia.org/wiki/Whale_feces', 'https://en.wikipedia.org/wiki/Whale']","[0.99, 0.99, 0.94, 0.46, 0.17]"
42614451,https://en.wikipedia.org/wiki/Whale_watching_in_Australia,Whale watching in Australia,"['Whale watching in Australia', 'Whale watching', 'Fish', 'Whale watching in Sydney', 'Húsavík Whale Museum']","['https://en.wikipedia.org/wiki/Whale_watching_in_Australia', 'https://en.wikipedia.org/wiki/Whale_watching', 'https://en.wikipedia.org/wiki/Fish', 'https://en.wikipedia.org/wiki/Whale_watching_in_Sydney', 'https://en.wikipedia.org/wiki/Húsavík_Whale_Museum']","[1.0, 1.0, 0.91, 0.88, 0.84]"
44137874,https://en.wikipedia.org/wiki/Big_Miracle_(book),Big Miracle (book),"['Dogs in the American Revolutionary War', 'Indian National Kennel Club', 'Dog Parker', ""Queen Elizabeth's corgis"", 'Walter the Farting Dog']","['https://en.wikipedia.org/wiki/Dogs_in_the_American_Revolutionary_War', 'https://en.wikipedia.org/wiki/Indian_National_Kennel_Club', 'https://en.wikipedia.org/wiki/Dog_Parker', ""https://en.wikipedia.org/wiki/Queen_Elizabeth's_corgis"", 'https://en.wikipedia.org/wiki/Walter_the_Farting_Dog']","[1.0, 1.0, 1.0, 1.0, 1.0]"
43590845,https://en.wikipedia.org/wiki/Whale_feces,Whale feces,"['Canid hybrid', 'Pack (canine)', 'Canine reproduction', 'Dog World (newspaper)', 'Cat senses']","['https://en.wikipedia.org/wiki/Canid_hybrid', 'https://en.wikipedia.org/wiki/Pack_(canine)', 'https://en.wikipedia.org/wiki/Canine_reproduction', 'https://en.wikipedia.org/wiki/Dog_World_(newspaper)', 'https://en.wikipedia.org/wiki/Cat_senses']","[0.91, 0.9, 0.9, 0.89, 0.89]"
42614454,https://en.wikipedia.org/wiki/Whale_watching_in_New_Zealand,Whale watching in New Zealand,"['Whale watching in Australia', 'Whale watching', 'Fish', 'Whale watching in Sydney', 'Húsavík Whale Museum']","['https://en.wikipedia.org/wiki/Whale_watching_in_Australia', 'https://en.wikipedia.org/wiki/Whale_watching', 'https://en.wikipedia.org/wiki/Fish', 'https://en.wikipedia.org/wiki/Whale_watching_in_Sydney', 'https://en.wikipedia.org/wiki/Húsavík_Whale_Museum']","[1.0, 1.0, 0.91, 0.88, 0.84]"
49735416,https://en.wikipedia.org/wiki/Tail_sailing,Tail sailing,"['Cat training', '52-hertz whale', 'Cetacean surfacing behaviour', 'Kennel', 'Whales in Ghanaian waters']","['https://en.wikipedia.org/wiki/Cat_training', 'https://en.wikipedia.org/wiki/52-hertz_whale', 'https://en.wikipedia.org/wiki/Cetacean_surfacing_behaviour', 'https://en.wikipedia.org/wiki/Kennel', 'https://en.wikipedia.org/wiki/Whales_in_Ghanaian_waters']","[0.74, 0.62, 0.19, 0.06, 0.04]"
52243894,https://en.wikipedia.org/wiki/Bubble_net_feeding,Bubble net feeding,"['Feline diseases', 'Whales in Ghanaian waters', 'Cetacean surfacing behaviour', 'Whale feces', 'Whale']","['https://en.wikipedia.org/wiki/Feline_diseases', 'https://en.wikipedia.org/wiki/Whales_in_Ghanaian_waters', 'https://en.wikipedia.org/wiki/Cetacean_surfacing_behaviour', 'https://en.wikipedia.org/wiki/Whale_feces', 'https://en.wikipedia.org/wiki/Whale']","[1.0, 0.99, 0.9, 0.38, 0.07]"
53720250,https://en.wikipedia.org/wiki/Ethelbert_(whale),Ethelbert (whale),"['Walter the Farting Dog', 'Dogs in the American Revolutionary War', ""Queen Elizabeth's corgis"", 'Indian National Kennel Club', 'Dog Parker']","['https://en.wikipedia.org/wiki/Walter_the_Farting_Dog', 'https://en.wikipedia.org/wiki/Dogs_in_the_American_Revolutionary_War', ""https://en.wikipedia.org/wiki/Queen_Elizabeth's_corgis"", 'https://en.wikipedia.org/wiki/Indian_National_Kennel_Club', 'https://en.wikipedia.org/wiki/Dog_Parker']","[1.0, 1.0, 1.0, 1.0, 1.0]"
