,title,dist1_titles
970284,Category:Dog shows and showing,['conformation show']
972913,Category:Dog health,
970251,Category:Dog organizations,['dog']
729436,Category:Dog sports,
978163,Category:Dogs as pets,
1764821,Category:Dog equipment,
1765233,Category:Dog breeding,"['Artificial selection', 'Domestication']"
1765458,Category:Dog monuments,"['dog', 'monument']"
1467938,Kennel,"['Dog camp', 'breed registry', 'cattery', 'Doghouse', 'cat', 'Breed club (dog)', 'Animal shelter', 'cat registry', 'dog', 'Kennel club', 'pet sitter']"
275388,Cynology,"['Ancient Greek', 'Police dog', 'Russian language', 'Proto-Indo-European language', 'Dog trainer', 'geneticist', 'Science', 'zoologist', 'English language', 'Dog breeding', ':nl:Kynologie', 'Ethnocynology', 'Dog behavior', '-logy', ':de:Kynologie', 'Professional handler', 'Dog breed', 'genitive', 'dog', 'Pet Psychic', 'biologist', 'ethology', ':cs:Sportovní kynologie']"
970360,Category:Dog training and behavior,
1968414,Category:Dog law,['dog']
1777080,Category:Dog-related professions and professionals,
2460099,Category:Dogs in popular culture,
691500,Category:Dog breeds,"['Dog breed', 'Dog type']"
2352562,Pack (canine),"['Gray Wolf', 'Yellowstone National Park', 'Wolf territories', 'social behaviour', 'American bison', 'coyote', 'L. David Mech', 'Black-backed jackal', 'territory (animal)', 'maternity den', 'Group size measures', 'Side-striped jackal', 'Dog behavior', 'eye contact', 'Canidae', 'African wild dog', 'alpha (ethology)', 'African wild dogs', 'Dhole', 'Coyote', 'Ethiopian wolf', 'Pack hunter', 'New Guinea singing dog', 'alpha roll', 'Golden jackal', 'red fox', 'Stanley Coren', 'conspecific']"
17021807,Rare breed (dog),"['Stabyhoun', 'Purebred (dog)', 'American Hairless Terrier', 'Carolina Dog', 'Glen of Imaal Terrier', 'Yorkshire Terrier', 'dog type', 'Dog breed', 'Landrace', 'Donggyeongi', 'Rare breed (agriculture)', 'landrace', 'livestock', 'Sage Koochee', 'Agriculture and Agri-Food Canada', 'livestock guardian dog', 'Kuchi', 'Central Asia', 'dog', 'Dog type']"
704388,Category:Dog types,"['Dog breed', 'Dog type']"
22806874,Category:Deaths due to dog attacks,
20777185,Dogs in ancient China,"['Before Christ', 'Fan Ye (historian)', 'idiom', 'Gao Jianli', 'Zhongshan (state)', 'Elephants in ancient China', 'wolf', 'Book of Rites', 'coffin', 'Yangshao', 'dog meat', 'Han dynasty', 'Capital (political)', 'Fan Kuai', 'Confucius', 'Dao De Jing', 'Neolithic', 'Straw Dogs: Thoughts on Humans and Other Animals', 'Hemudu', 'Warring States', 'Sima Xiangru', 'John N. Gray', 'Rhinoceroses in ancient China', 'Straw Dogs (1971 film)', 'sacrifices', 'Old Chinese', 'protein', 'blood', 'Shi Jing', 'lacquer', 'Classical Chinese', 'shiba inu', 'solar eclipse', 'Zhu Hai', 'Dingo', 'poetry', 'akita inu', 'Emperor of China', 'Zhou Dynasty', 'straw dog', 'Quanrong', 'Pantheon (gods)', 'Shang Di']"
4020758,Dog biscuit,"['Canidae', 'Lope de Vega', 'bran', 'John Stuart Skinner', 'dog food', 'snack food', 'Juvenal', 'Nabisco', 'Milk-Bone', 'dietary supplement', 'biscuit', 'dog']"
27545231,Category:Wikipedia books on dogs,
17430047,Breed type (dog),"['Breed type', 'Founder effect', 'English Mastiff', 'Dog health', 'Dog-show judge', 'Animal fancy', 'Purebred', 'Dog type', 'Inbreeding', 'Conformation show', 'Dog breeding', 'Canine reproduction', 'Dog', 'Breed standard (dogs)', 'dog breed']"
2460103,Category:Mythological dogs,
2676271,Canid hybrid,"['dingo', 'Karyology', 'bat-eared fox', 'Proceedings of the National Academy of Sciences of the United States of America', 'Australian Kelpie', 'genotypes', 'chromosome', 'Sheremetyevo International Airport', 'coyote', 'Norwegian Lundehund', 'gray wolf', 'red wolf', 'Fox Terrier', 'exotic pet', 'mitochondrial DNA', 'dhole', 'eastern coyote', 'true fox', 'Centromere', 'Siberian Husky', 'stumpy-tail cattle dog', 'African golden wolf', 'Jackal-wolf hybrid', 'Forest Lake, Minnesota', 'Times Union (Albany)', 'fennec fox', 'KENS', 'Moscow', 'hybrid (biology)', 'Canidae', 'Australian Cattle Dog', 'chupacabra', 'mixed-breed dog', 'Feral', 'side-striped jackal', 'African wild dog', 'British Raj', 'phenotype', 'Spitz', 'dog', 'Backcrossing', 'black-backed jackal', 'Ethiopian wolf', 'Red wolf', 'The Variation of Animals and Plants under Domestication', 'Eastern coyote', 'Bucknell University', 'Lapponian Herder', 'Russia', 'golden jackal', 'Sulimov Dog', 'eastern wolf', 'raccoon dog', 'red fox', 'Robert Armitage Sterndale', 'Canis', 'Alaskan Malamute', 'DNA', 'Aeroflot']"
22044074,Canine physical therapy,"['anterior cruciate ligament', 'Thermotherapy', 'Neurological disorder', 'cranial cruciate ligament', 'University of Tennessee', 'Curative care', 'Cryotherapy', 'stifle joint', 'atrophy', 'preventive care', 'Degenerative joint disease', 'palliative care', 'David F. Levine', 'cavaletti', 'equine']"
19282291,Dogs in Mesoamerica,"['Popol Vuh', 'Abejas Phase', 'Cozumel', 'Colha, Belize', 'xoloitzcuintli', 'Native American dogs', 'Preclassic Maya', 'palanquin', 'Yucatec', 'epiphyseal plate', 'Maya civilization', 'tortilla', 'ancestor worship', 'Mexico', 'maize', 'Yucatán Peninsula', 'Central America', 'Mesoamerican chronology', 'dog', 'Cuello', 'midden', 'Cocoa bean', 'fertility', 'Mesoamerica', 'Teotihuacan', 'Maya Hero Twins', ""K'iche' people"", 'Xibalba']"
23416702,Interbreeding of dingoes with other domestic dogs,"['dingo', 'genetic material', 'New South Wales', 'Urban area', 'neural crest', 'Australian Kelpie', 'northern Australia', 'Australian Broadcasting Corporation', 'European rabbit', 'swamp wallaby', 'gene expression', 'dog breed', 'natural selection', 'common brushtail possum', 'testicle', 'Embryogenesis', 'Central Australia', 'Blue Mountains (Australia)', 'International Union for Conservation of Nature and Natural Resources', 'native species', 'southern Australia', 'genetic marker', 'Queensland Museum', 'natural environment', 'The Sydney Morning Herald', 'Australian National University', 'Queensland', 'The Australian', 'Brisbane', 'allometry', 'Australian Cattle Dog', 'nasal bone', 'Commonwealth of Nations', 'mixed-breed dog', 'bush rat', 'Fraser Island', 'Time (magazine)', 'central Queensland', 'Brehms Tierleben', 'Kosciuszko National Park', 'The Canberra Times', 'grey kangaroo', 'livestock guardian dogs', 'genetic pollution', 'Wolf-dog hybrid', 'Dog hybrid', 'Molecular biology', 'Sodium fluoroacetate', 'USA Today', 'University of New South Wales', 'Sunshine Coast, Queensland', 'Canid hybrid', 'Namadgi National Park', 'Pariah dog', 'Australia', 'population control', 'National Geographic Society', 'Territory (animal)', 'Alfred Brehm', 'Northern Territory', 'genetic discrimination', 'University of Western Sydney', 'Microevolution', 'genetic testing', 'New Scientist', 'canis', 'Kakadu national park', 'Microsatellite (genetics)', 'common wombat', 'Dingo fence', 'German Shepherd Dog', 'domestic dog']"
5740890,Canine reproduction,"['Zygosity', 'Coefficient of relationship', 'Animal sterilization (surgical procedure)', 'American Society of Zoologists', 'doggy style', 'Tama Zoological Park', 'Inbreeding depression', 'estrus', 'sex drive', 'Sexual behavior of red foxes', 'postpartum', 'Gray wolf', 'African wild dog', 'estrus cycle', 'canine penis', 'erectile tissue', 'conformation show', 'artificial vagina', 'Sexual behavior of golden jackals', 'urinary incontinence', 'libido', 'Red wolf', 'Ethiopian wolf', 'tetrapod', 'Mixed-breed dogs', 'Diestrus', 'semen', 'sexual reproduction', 'mammary tumor', 'Canine reproductive behavior', 'endometritis', 'Anim. Reprod. Sci.', 'semen collection', 'Dog breeding', 'uterus', 'baculum', 'puppy', 'Canidae', 'Stud (animal)', 'Doggy style', 'inbreeding avoidance', 'animal sexual behavior', 'ovary', 'Elsevier', 'Labradoodle', 'Vasa parrot', 'Oxford University Press', 'Animal husbandry', 'vulva', 'sexual penetration', 'placental mammal', 'ejaculation', 'puberty', 'inbreeding depression', 'Virginity', 'breed standards', 'Rhodesian Ridgeback', 'Monogamy', 'Puppy mill', 'erection', 'American Society of Mammalogists', 'Sexual behavior of coyotes', 'dachshund', 'bulbus glandis', 'vagina', 'Canine transmissible venereal tumor', 'Dingo', 'American Zoologist', 'domestic dog', 'ASPCA', 'prostate cancer', 'vaginitis', 'testicle', 'Semen collection', 'Fossa (animal)', 'pyometra', 'Journal of Mammalogy', 'Black-footed ferret', 'Animal Behaviour (journal)', 'sexual intercourse', 'Inbreeding avoidance', 'Penis captivus', 'CAB International', 'domestication', 'false pregnancy']"
31752133,PDSA Certificate for Animal Bravery or Devotion,"['Orlando (dog)', 'Dotty (donkey)', 'Labrador Retriever', 'Maria Dickin', 'Victoria Cross', 'Pit Bull', 'Brin (dog)', 'Afghanistan', 'Stray Dog', 'burglar', 'Lancashire', 'Piper (dog)', 'Improvised explosive device', 'Epilepsy', ""People's Dispensary for Sick Animals"", 'Helmand Province', 'United Kingdom', 'Peggy (dog)', 'BBC Radio 4', 'Wicker (dog)', 'Dickin Medal', 'Toby (dog)', 'donkey', 'World War II', 'dog', 'guide dog', 'Smoky (dog)', 'sheep', 'Yorkshire Terrier', 'Miniature Schnauzer', 'therapy dog', 'German Shepherd Dog']"
32122845,Category:Robotic dogs,
33069847,Cropping (animal),"['Fédération Cynologique Internationale', 'animal cruelty', 'dogfighting', 'Netherlands', 'Cropping (punishment)', 'European Convention for the Protection of Pet Animals', 'England', 'Switzerland', 'Israel', 'India', 'Denmark', 'Sweden', 'Livestock dehorning', 'Wales', 'Colombia', 'Chile', 'dominance (genetics)', 'Mexico', 'Miniature Pinscher', 'Costa Rica', 'Finland', 'Republic of Ireland', 'Australia', 'Docking (dog)', 'bear-baiting', 'Lebanon', 'Russia', 'Spain', 'pinna (anatomy)', 'Canadian Veterinary Medical Association', 'Brazil', 'Classical antiquity', 'Egypt', 'Hungary', 'Beauceron', 'Philippines', 'Schnauzer', 'Argentina', 'Pit bull', 'Ear shaping', 'Slovakia', 'New Zealand', 'ear canal', 'Andalucia', 'Sri Lanka', 'Lithuania', 'Canada', 'Nepal', 'livestock guardian dogs', 'Romania', 'Greece', 'Morocco', 'Overview of discretionary invasive procedures on animals', 'American Lamancha goat', 'Cyprus', 'Iceland', 'Northern Ireland', 'Portugal', 'American Kennel Club', 'Mauritius', 'ear tag', 'Austria', 'Estonia', 'Indonesia', 'Earmark (agriculture)', 'Virgin Islands', 'Epirus', 'dewclaw', 'neutering', 'Malaysia', 'Slovenia', 'livestock', 'Scotland', 'Jean de la Fontaine', 'Great Dane', 'Polled livestock', 'Belgium', 'Canadian Kennel Club', 'Caucasian Shepherd Dog', 'Taiwan', 'Auricle (anatomy)', 'Conformation show', 'Poland', 'Sheep shearing', 'Croatia', 'Afghanistan', 'Maremma Sheepdog', 'Highland cattle', 'Luxembourg', 'Doberman Pinscher', 'Kuwait', 'Panama', 'laboratory mice', 'France', 'docking (dog)', 'puppy mill', 'Norway', 'Bulgaria', 'Catalonia', 'Italy', 'United States', 'Boxer (dog)', 'American Humane Association', 'Peru', 'Latvia', 'Docking (animal)', 'Hellenistic', 'Czech Republic', 'Bolivia', 'South Africa', 'Wolf collar', 'Germany']"
32912733,Pet Check Technology,"['dog walking', 'Los Angeles', 'QR code', 'mobile application', 'e-mail', 'software', 'GPS', 'GPS tracking', 'Chicago', 'Android (operating system)', 'QR codes', 'iOS', 'online map']"
24243398,Dog daycare,"['philosophy', 'United States', 'New York City', 'Time (magazine)', 'kennel', 'American Society for the Prevention of Cruelty to Animals', 'daycare', 'San Francisco', 'Atlanta (magazine)', 'Newsday', 'Yuppie Puppy Pet Care, Inc.', 'pet sitting', 'Atlanta', 'World War II', 'The San Francisco Examiner', 'KHGI-TV', 'Joseph S. Sporn', 'The New York Times', 'domestic dog']"
17862013,Dogs in religion,"['Saint Guinefort', 'Chinese astrology', 'Jesus', 'Philistines', 'Muhammad', 'Dominican Order', 'Natalie Angier', 'Vendidad', 'sniffer dog', 'Aztec', 'Frans de Waal', 'ceremony', 'Mexico', 'Coyote (mythology)', 'Zoroastrianism', 'feast day', 'Ashkelon', 'Dogs in warfare', 'Dog', 'Black Death', 'New York Times Magazine', 'Middle Persian', 'Jewish law', 'friar', 'Lérida', 'Inuit mythology', 'Catholic Church', 'Artemis', 'Emory University', 'Hebrew diacritics', 'carnivores', 'Abu Huraira', 'Hellhound', 'Dip (Catalan myth)', 'chimpanzee', 'Ancient Egypt', 'Bhairava', 'Achaemenid Empire', 'scavenger', 'The Hague', 'Diogenes of Sinope', 'Epitaph to a Dog', 'nuns', 'Black Shuck', 'atheist', 'Dog (zodiac)', 'Ares', 'Xolotl', 'Caleb', 'Atar', 'vahana', 'Black dog (ghost)', 'Saint Roch', 'Anubis', 'Shvan', 'Wolves in folklore, religion and mythology', 'Gwyllgi', 'Hound of Culann', 'Inugami', 'Amarok (wolf)', 'Amaguq', 'Cerberus', 'afterlife', 'Edwin Henry Landseer', 'Book of Tobit', 'Ritual purification', 'Chinese New Year', 'Chinvat Bridge', 'Japanese wolf', 'Judaism', 'Ahura Mazda', 'Yudhishthira', 'Malik ibn Anas', 'daeva', 'Saqqara', 'Coyote (Navajo mythology)', 'Bastet', 'otter', 'Dingo', 'Ashkelon dog cemetery', 'The dogs of war (phrase)', 'Sagdid', 'saint', 'Gytrash', 'Church Grim', 'Domestication', 'Avesta', 'patron saint', 'Prague', 'Muwatta Imam Malik', 'Tihar (festival)', 'Lazarus and Dives', 'Raphael (archangel)', 'Tokugawa Tsunayoshi', 'Shogun', 'Moddey Dhoo', 'dog booties', 'Primatology', 'Barghest', 'Lord Byron', 'Dog in Chinese mythology', 'Hecate', 'vowel', 'The Hound of the Baskervilles', 'Chinese guardian lions', 'All Dogs Go to Heaven', 'Bolivia']"
34442389,The Ten Commandments of Dog Ownership,"['10 Promises to My Dog', 'Rena Tanaka', 'Mayuko Fukuda', 'Rie Hasegawa', 'Etsushi Toyokawa', 'Stan Rawlinson', 'Hare Kawaguchi', 'Nihon Bungeisha', 'tankōbon', 'Katsuhide Motoki']"
178449,Roan (color),"['pinto horse', 'Melanocyte', 'Cow', 'incisor', 'illness', 'Horse markings', 'anophthalmia', 'blindness', 'chromosome', 'Chestnut (coat)', 'DNA test', 'English Cocker Spaniel', 'Field Spaniel', 'Noriker horse', 'Dominance relationship', 'Bay (horse)', 'gundog', 'varnish roan', 'guinea pig', 'Equine coat color genetics', 'roan (horse)', 'Equine coat color', 'gene', 'deafness', 'Charolais cattle', 'Arabian (horse)', 'microphthalmia', 'Molar (tooth)', 'Rabicano', 'cattle', 'Introduction to genetics', 'horse', 'genetic marker', 'sabino horse', 'Belgian Blue', 'Knabstrupper', 'dilution gene', 'White Park cattle', 'Microphthalmia', 'intestinal villi', 'German Longhaired Pointer', 'Domestic varieties of guinea pigs', 'Oxford English Dictionary', 'University of California, Davis', 'Cellular differentiation', 'Spinone Italiano', 'Pigmentation', 'Gray (horse)', 'Thoroughbred', 'merle (coat colour in dogs)', 'Black (horse)', 'American Cocker Spaniel', 'Appaloosa', 'dun gene', 'English Springer Spaniel', 'dog', 'Border Collie', 'Shorthorn', 'leopard complex', 'heterozygous', 'rabicano', 'Melanin', 'recessive', 'English Setter', 'homozygous', 'horse markings', 'allele', 'German Shorthaired Pointer', 'grullo', 'tooth', 'Brittany (dog)', 'mutation', 'Oxford University Press', 'Lagotto Romagnolo', 'University of California, Davis School of Veterinary Medicine', 'Stem cell factor']"
34949251,"List of beagle, harrier and basset packs of the United Kingdom","['Beagling', 'beagling', 'Red Fox', 'Emlyn Beagles', 'beagle', 'harrier (dog)', 'basset hounds', 'Royal Rock Beagles', 'Albany and West Lodge Bassets', 'Dartmouth College', 'regions of England', 'Fox hunting', 'drag hunting', 'Old Berkeley Beagles', 'European Hare', 'Airedale Beagles']"
1396693,Category:Dog stubs,"['Australian Cattle Dog', 'Dalmatian (dog)', 'coat (conformation point)', 'Wikipedia:WikiProject Dog breeds', 'Puli', 'conformation point', 'Chow Chow', 'dog']"
31823444,Category:Individual dogs,
36477294,Panhu,"['She people', 'Chinese mythology', 'China', 'Chinese literature', 'Chinese folklore', 'Chinese language', 'Chinese folk religion', 'Han Chinese', 'Yao people']"
31804256,The Dog Pillow,"['liana', 'Noh', 'Monumenta Nipponica', 'Harvard Journal of Asiatic Studies', 'metaphor', 'Prunus mume', 'haikai', 'Japanese literature', 'Yamazaki Sōkan', 'parodies', 'Chashitsu', 'Sei Shōnagon', 'Toyotomi Hideyoshi', 'kanazōshi', 'Toyotomi Hidetsugu', 'Edo period', 'Hanami', 'poetic diary', 'Heian period', 'Japanese clothing', 'parody', 'Tokugawa Ieyasu', 'Peter Lang (publishing company)', 'Buddhist prayer beads', 'Sophia University', 'Zuihitsu', 'Movable type', 'The Pillow Book', 'narrative', 'The Lady who Loved Insects', 'Donald Keene', 'Journal of the American Oriental Society', 'Harvard–Yenching Institute', 'Colophon (publishing)', 'genres', 'Columbia University Press', 'Japanese armour', 'American Oriental Society', 'tea ceremony', 'Stanford University Press', 'Tsurezuregusa', 'Tales of Ise', 'Hyakunin Isshū', 'Japanese poetry', 'wisteria', 'Renga', 'Taikomochi', 'Waka (poetry)']"
37049778,Queen Elizabeth's corgis,"['Queen Elizabeth The Queen Mother', ""Queen Elizabeth's horses"", 'The Daily Telegraph', 'Crossbred dog', 'Monarchy of the United Kingdom', 'kennel', 'Marquess of Bath', 'Grand Cayman', 'James Bond', 'Norfolk', 'Golden Jubilee of Elizabeth II', 'Elizabeth II', 'Susan (dog)', 'Pets of Vladimir Putin', 'black coral', 'Anchorage Daily News', 'Dookie (dog)', 'Daniel Craig', 'Buckingham Palace', 'wicker', 'Paul_Day_(sculptor)', 'Balmoral Estate', '2012 Summer Olympics', 'Princess Anne', 'Toledo Blade', 'Beware of the dog', 'cocker spaniel', 'Monty Roberts', 'Charles, Prince of Wales', 'Royal Lodge', 'crown coin', 'horse whisperer', 'Pembroke Welsh Corgi', 'St. Joseph Gazette', 'Balmoral Castle', 'Daily News of Los Angeles', 'Queen Victoria', 'dachshund', 'tetanus', 'Anne, Princess Royal', 'Windsor Great Park', 'Sandringham House', 'Castle of Mey', 'veterinary physician', ""Queen Victoria's pets"", '2012 Summer Olympics opening ceremony', 'Elizabeth II of the United Kingdom', 'British Royal Family', 'Commonwealth realm', 'Queen Elizabeth the Queen Mother', 'The Mall, London', 'Prince Philip, Duke of Edinburgh', 'Peter Doig (politician)']"
22345050,Dog World (newspaper),"['newspaper', 'dog agility', 'The Kennel Club', 'Bulldog', '', 'purebred dog', 'heelwork to music', 'Press Gazette', 'Fox Terrier (Smooth)', 'Royal Canin', 'Crufts', 'Pedigree Dogs Exposed', 'Dog World', 'Audit_Bureau_of_Circulations_(UK)', 'Our Dogs (newspaper)', 'dog obedience', 'conformation show', 'dog', 'Horse and Country TV', 'field trial', 'Nestle Purina', 'Champion (dog)', 'Afghan Hound', 'The London Gazette', 'Conformation_show']"
5141410,Origin of the domestic dog,"['genome', 'German Shepherd', 'Neuromodulation', 'lipid', 'phylogenetic tree', 'Phenotypic plasticity', 'scientific theory', 'Taymyr Peninsula', 'species', 'sika deer', 'Jōmon', 'steppe', 'Swedish Lapphund', 'Quantitative trait locus', 'cave painting', 'Autosome', 'natural selection', 'guinea pig', 'Switzerland', 'genetic admixture', 'Microsatellite', 'HaYonim Cave', 'Oceania', 'mitochondrial DNA', 'mortuary', 'Ireland', 'Great Britain', 'Alaska', 'Commensalism', 'phylogenetic analysis', 'Sami people', 'Gray wolf', 'Genetic admixture', 'eye contact', 'mutation rate', 'Scandinavia', 'African wild dog', 'Dmitry Belyayev (zoologist)', 'Jamthund', 'haplogroups', 'convergent evolution', 'The Variation of Animals and Plants under Domestication', 'single-nucleotide polymorphisms', 'glycogen', 'Miocene', 'Saluki', 'Quaternary extinction event', 'genetic divergence', 'Sarloos wolfdog', 'Landrace', 'mitogenome', 'Haplogroups', 'Epinephrine', 'Central Asia', 'Dog', 'Spain', 'genetics', 'linkage disequilibrium', 'human communication', 'Evolution of the wolf', 'clades', 'Henan', 'population bottleneck', 'synaptic plasticity', 'PLOS Genetics', 'Bonobo', 'Holarctic', 'Charles Darwin', 'Accelerator mass spectrometry', 'ghost population', 'mitochondrial genome', 'red deer', 'Yorkshire terrier', 'Henri Breuil', 'love', 'domestication islands', 'Journal of Ethnobiology', 'selective breeding', 'Y-chromosome', 'Locus (genetics)', 'mammoth steppe', 'Saarloos wolfdog', 'Shar Pei', 'oxytocin', 'genus', 'Outback', 'Neotropics', 'radiocarbon dated', 'genetic marker', 'Forensic Science International: Genetics', 'chimpanzee', 'megafauna', 'coevolution', 'Canidae', 'Beringia', 'whole genome sequencing', 'sentient', 'Zhokhov Island', 'Molecular Biology and Evolution', 'South-East Asia', 'great ape', 'Yakutia', 'dolphin', 'penguin', 'progenitor', 'Siberian husky', 'North Asia', 'Whole genome sequencing', 'Fertile Crescent', 'postcranial', 'Guns, Germs, and Steel', 'Yana River', 'Canis', 'Henri Marie Ducrotay de Blainville', 'trophic level', 'mesopredator', 'ecotype', 'Yangtze River', 'Pleistocene', 'Late Neolithic', 'Beringian wolf', 'Victorian era', 'dingo', 'Last Glacial Maximum', 'cell nucleus', 'Phylogenetic analysis', 'ancient DNA', 'Jared Diamond', 'agriculturalists', 'Holocene', 'Honshu', 'nuclear genome', 'Ecological niche', 'Convergent evolution', 'gaze', 'DNA sequencing', 'ungulate', 'cavy', 'Pliocene', 'Tibetan Plateau', 'catecholamine', 'Mammoth steppe', 'Paleolithic dog', 'Jiahu', 'Oberkassel, Bonn', 'territoriality', 'Proc. Natl. Acad. Sci. U. S. A.', 'Norwegian Elkhound', 'hunter-gatherers', 'New Guinea', 'flipper (anatomy)', 'SNP genotyping', 'Guangxi', 'Bonn', 'monophyletic', 'noradrenaline', 'Japanese wolf', 'Bruce Hood (psychologist)', 'Natufian culture', 'Nuclear DNA', 'Ain Mallaha', 'Japanese quail', 'Canis lupus variabilis', 'Finnish Lapphund', 'reindeer', 'Ellesmere Island', 'phenotype', 'Eurasia', 'Quaternary glaciation', 'AMY2B', 'wild boar', 'Tibetan wolf', 'parallel evolution', 'Wuyang County', 'Lapponian Herder', 'Honshu Wolf', 'mink', 'EPAS1', 'ecomorph', 'Phylogenetic', 'Hällefors Elkhound', 'Mitochondrial DNA', 'hemoglobin', 'Greenland dog', 'Domestication of animals', 'Morphology (biology)', 'dopamine', 'domestic dog', 'Font-de-Gaume', 'Taiga', 'Dog intelligence', 'Newgrange', 'Origin of the domestic dog', 'megafaunal wolf', 'Baikal', 'tundra', 'mtDNA control region', 'biome', 'Paul Taçon', 'Pleistocene megafauna', 'Late Pleistocene', 'Y chromosome', 'Before Present', 'Nanzhuangtou', 'Tibetan mastiff', 'haplotype', 'gray wolf', 'carnivorous', 'Yunnan', '', 'Agriculture', 'dhole', 'Silene stenophylla', 'biosynthesis', 'On the Origin of Species', 'years before present', 'food chain', 'Mechernich', 'starch', 'hybrid (biology)', 'Italy', 'apex predator', 'Garland STPM Press', 'Ancient DNA', 'Monophyly', 'agriculturists', 'Megafaunal wolf', 'Przewalski’s horse', 'Yukon', 'extinction', 'yDNA', 'introgression', 'New Guinea singing dog', 'population bottlenecks', 'dog breeds', 'maternal bond', 'Maglemosian culture', 'carnivore', 'Finnish spitz', 'positive selection', 'Palaeoloxodon naumanni', 'clade', 'Genome Research']"
693519,Category:Fictional dogs,
9369613,Cynophobia,"['Behaviour Research and Therapy', 'American Psychological Association', 'virtual reality', '', 'State University of New York', 'anxiety', 'systematic desensitization', 'defense mechanism', 'Anxiety disorder', 'Psychophysiology (journal)', 'New Harbinger Publications', 'exposure therapy', 'American Psychiatric Association', 'specific phobia', 'Diagnostic and Statistical Manual of Mental Disorders', 'dog', 'self-help', 'animal phobia', 'panic attacks', 'Research on Social Work Practice', 'University of Texas', 'in vivo', 'Anthrozoös', 'virtual reality therapy', 'genetics']"
10579085,Walter the Farting Dog,"['Korean language', 'John Sutherland (author)', 'Dutch language', 'Latin', 'Josh Bolten', 'School Library Journal', 'Stockton Record', 'New Statesman', 'Lancaster New Era', 'The Roanoke Times', 'Holden Caulfield', 'Spanish language', 'Norwegian language', 'The New York Times Best Seller list', 'Farrelly Brothers', 'Penguin Books', 'Icelandic language', 'Wisconsin State Journal', 'Japanese language', 'Variety (magazine)', 'White House Chief of Staff', 'The Hollywood Reporter', 'Wired (magazine)', 'William Kotzwinkle', 'Tim Hill (director)', 'Jonas Brothers', 'Chicago Sun-Times', 'Zombie Bums from Uranus', 'The New York Times', 'North Atlantic Books', 'French language', 'Chicago Tribune', ""Portnoy's Complaint"", 'flatulence', 'Seattle Post-Intelligencer', 'Associated Press', 'Harry the Dirty Dog', 'Captain Underpants', 'HighBeam Research', 'Mary Parent']"
20444317,List of foxhound packs of the United Kingdom,"['Cottesmore Hunt', 'Vale of White Horse Hunt', 'Blankney Hunt', 'Border Hunt', 'Hunting Act 2004', 'Ashford Valley Hunt', 'Fox hunting', 'Essex and Suffolk Hunt', 'Woodland Pytchley Hunt', 'Kimblewick Hunt', 'Protection of Wild Mammals (Scotland) Act 2002', 'Puckeridge Hunt', 'Isle of Wight Foxhounds', 'Old Surrey Burstow and West Kent Hunt', 'Pytchley Hunt', 'Southdown and Eridge Hunt', 'Tetcott', 'Quorn Hunt', 'Albrighton Hunt', 'Stevenstone', 'Atherstone Hunt', 'Berkeley Hunt', 'Warwickshire Hunt', 'Crawley and Horsham Hunt', 'Belvoir Hunt', 'Northern Ireland', ""Duke of Beaufort's Hunt"", 'South Wold Hunt']"
38928070,Puppy pregnancy syndrome,"['Bihar', 'Chhattisgarh', 'Clinical lycanthropy', 'psychosomatic', 'Assam', 'Culture-bound syndrome', 'Jharkhand', 'mass hysteria', 'Canine reproduction', 'India', 'Witch doctors', 'West Bengal', 'Orissa, India', 'rabies']"
31903693,Human–canine bond,"['Pack (canine)', 'Origin of the domestic dog', 'Labrador retriever', 'anthropomorphism', 'pet', 'Ohio State University', 'Anthrozoology', 'service dogs', 'self psychology', 'anthropologists', 'human', 'wolves', 'Interspecies friendship', 'Nikolaas Tinbergen', 'Dog behavior', 'ethologists', 'Animal-assisted therapy', 'Konrad Lorenz', 'Imprinting (psychology)', 'American Veterinary Medical Association', 'Poodle', 'symbiosis', 'dog', 'Cockapoo', 'psychologists']"
41493138,List of minkhound packs of the United Kingdom,"['Hunting with hounds', 'Home Nations', 'minkhunting', 'Hunting Act 2004', 'Minkhunting', 'Republic of Ireland', 'Trail hunting', 'Falconry']"
849619,Mastiff,"['Pyrenean Mastiff', 'genome', 'Dogge', 'Perro de Presa Canario', 'Ancient Greek', 'American Mastiff', 'Brazilian Mastiff', 'Naples, Italy', 'Portuguese Mastiff', 'sv:Mastiff (olika betydelser)', 'bulldog breeds', 'sighthounds', 'Turkish Mastiff', 'Molossus (dog)', 'mountain dog', 'Switzerland', 'Dogo (dog type)', 'Boston terrier', 'Cão de Gado Transmontano', 'Cane Corso', 'evolutionary tree', 'Bullmastiff', 'Punjab', 'The Dog of Alcibiades', 'Persepolis', 'Japanese Mastiff', 'Great Dane', 'pit bulls', 'United States', 'Neapolitan Mastiff', 'Bulldog breeds', 'terrier', 'Pakistani Mastiff', 'breed', 'molosser', 'Pug', 'extinction', 'Bulldog breed', 'South African Mastiff', 'English Mastiff', 'Dogo Canario', 'Kumaon Mastiff', 'Puerto Rican Mastiff', 'Cuban Mastiff', 'scenthound', 'Bordeaux Mastiff', 'Portugal', 'Alpine Mastiff', 'Spanish Mastiff', 'Tibetan Mastiff', 'Dogo Argentino', 'Abruzzese Mastiff']"
21303741,My Life in Dog Years,"['Dell Publishing', 'Hardback', 'Gary Paulsen', 'C. E. Mitchell', ""Children's literature"", 'Paperback', 'Dog']"
5205615,Puppy,"['birth', 'Canine Developmental Diet', 'Pig in a poke', 'sparring', 'eye', 'Jack Russell Terrier', 'Beagle', 'Kitten', 'Pinniped', 'Bloodhound', 'gestation', 'rats', 'retinas', 'amnion', 'Puggle', 'dewclaw', 'Juvenile (organism)', 'veterinarian', 'mongrel', 'Australian Cattle Dog', 'Halong Bay', 'ru:Собака', 'American Veterinary Medical Association', 'giraffes', 'Shih Tzu', 'Pug', 'weaning', 'dog', 'designer dog', 'Litter (animal)', 'runt', 'Docking (dog)', 'Yorkshire Terrier', 'Companion dog', 'guinea pigs', 'Lactation', 'Basenji', 'American Kennel Club']"
43220839,Category:Dogs by country,
15958827,Category:Dog food brands,
42498898,Bog Dog,
44318848,Category:Dog landraces,
44444481,Becerrillo,"['Juan Ponce de León', 'Attack dog', 'birth', 'Puerto Rico', 'San Juan, Puerto Rico', 'greyhound', 'mastiff', 'Vasco Núñez de Balboa', 'Isthmus of Panama', 'Conquistador', 'alaunt', 'Diego Columbus']"
11159584,Chiengora,"['angora wool', 'portmanteau', 'Newfoundland (dog)', 'sheep', 'Norwegian Elkhound', 'carding', 'knitting', 'spinning (textiles)', 'Samoyed (dog)', 'Navajo people', 'Chow Chow', 'dog', 'wool', 'yarn']"
37331361,Lists of dogs,"['United States presidential pets', 'U.S. state dogs']"
37104213,Category:Lists of dogs,
47048387,Lychee and Dog Meat Festival,"['Lori Alan', 'Yulin, Guangxi', 'Filthy Frank', 'Ian Somerhalder', 'Guilin', 'Sun Li (actress)', 'Philippines', 'CNN', 'Fan Bingbing', 'Yang Mi', 'dog meat', 'Chen Kun', 'Alcee Hastings', 'Sharon Osbourne', 'George Lopez', 'Los Angeles, California', '¥', 'Instagram', 'Global Times', 'The Guardian', 'BBC', 'Rob Zombie', 'The Humane Society of the United States', 'Guangxi', 'Humane Society International', 'Jill Robinson', 'The Independent', 'Lisa Vanderpump', 'University of Houston–Downtown', 'folk medicine', 'animal rights', 'lychees', 'bullfighting', 'Time (magazine)', 'United States House of Representatives', 'Pink Season (Pink Guy album)', 'lychee', ""People's Daily"", ""National People's Congress"", 'Taiwan', 'The New York Times', 'summer solstice', 'Animal welfare and rights in China', 'Leona Lewis', 'Julian Baggini', 'Tom Kenny', 'MacArthur Park', 'Xinhua', 'Ricky Gervais']"
4135811,Portal:Dogs,
1505145,Saint Guinefort,"['Lyon', 'miracles', 'The Brahmin and the Mongoose', 'greyhound', ""Lapham's Quarterly"", 'Cynocephaly', 'Saint Christopher', 'The Grail Quest', 'shrine', 'Fordham University', 'Gelert', 'Stephen de Bourbon', 'inquisitor', 'folk saint', 'Dominican Order', 'Bernard Cornwell']"
47079044,Jed (wolfdog),"['Clint Rowe', 'John Cusack', 'The Thing (1982 film)', 'Walt Disney Pictures', 'wolf', 'Wolf', 'Male', 'Ethan Hawke', 'White Fang (1991 film)', 'United States', 'Entertainment Weekly', 'The Journey of Natty Gann', 'John Carpenter', 'White Fang', 'Los Angeles Times', 'The New York Times', 'dog', 'malamute', 'Turner and Hooch', 'White Fang 2: Myth of the White Wolf', 'Alaskan Malamute', 'Meredith Salenger']"
48860098,List of bloodhound packs of the United Kingdom,"['Hunting the Clean Boot', 'Bloodhound', 'United Kingdom']"
48871041,List of hound packs of Ireland,"['County Monaghan', 'Streamstown Harriers', 'beagling', 'Bloodhound', 'Beagle', 'Hunting the Clean Boot', 'mink hunting', 'Kerry Beagle', 'fox hunting', 'Ireland', 'Game (hunting)', 'English foxhound', 'hound', 'Harrier (dog)']"
48871696,List of hound packs of Australia,"['Melbourne Hunt Club', 'Oaklands Hunt Club', 'Australia', 'Adelaide Hunt Club', 'Kerry Beagle', 'fox', 'Game animal', 'Red foxes in Australia', 'English foxhound', 'hound', 'drag hunting']"
48871701,List of hound packs of New Zealand,"['Beagling', 'New Zealand', 'hound', 'Drag hunting', 'Harrier (dog)']"
48872312,List of draghound packs of the United Kingdom,"['Hunting the Clean Boot', 'Drag hunting', 'United Kingdom']"
76940,Service dog,"['Schlumberger Ltd.', 'German Shepherd', 'Seizure response dog', ""attorneys' fees"", 'Robert N. Scola, Jr.', 'emotional support animal', 'Psychiatric service dog', 'Mental disorder', 'foster care', 'Epileptic seizure', 'hearing impairment', 'Air Carrier Access Act', 'Guide dog', 'mental illness', 'assistance dog', 'mobility impairment', 'Bonnie Bergin', 'Medical response dog', 'Therapy dog', 'Dog crossbreed', 'anxiety attack', 'Fair Housing Act', 'Obsessive–compulsive disorder', 'Mobility assistance dog', 'Uber (company)', 'Golden Retrievers', 'Hearing loss', 'seizure', 'Housing discrimination', 'Posttraumatic stress disorder', 'Americans with Disabilities Act of 1990', 'Service animal', 'New York City Human Rights Law', 'disability', 'condominium association', 'posttraumatic stress disorder', 'Emotional support animal', 'visual impairment', 'Autism service dog', 'New York City Department of Health', 'Assistance dog', 'Brooklyn Federal Court', 'diabetes', 'United States Department of Justice', 'Labrador Retrievers', 'Hearing dog', 'condominium', 'Building cooperative']"
4269567,Dog,"['Toy Group', '10th edition of Systema Naturae', 'Dogue de Bordeaux', 'German Shepherd', 'sled dog', 'Dog Whisperer', 'Blue Cross (animal charity)', 'phosphatase', 'Working Group (dogs)', 'Labrador Retriever', 'Evolutionary developmental biology', 'blindness', 'gastric dilatation volvulus', 'Norse mythology', 'Rico (Border Collie)', 'Navajo people', 'Cŵn Annwn', 'aloe vera', 'West Highland white terrier', 'Earth', 'natural selection', 'Thibet', 'Inbreeding depression', 'Ancient Greece', 'Israel', 'cutaneous larva migrans', 'East Asian', 'rhyton', 'estrus', 'tapeworms', 'theobromine poisoning', 'taxa', 'Leonberger', 'sex drive', 'India', 'Bull Terrier (Miniature)', 'WHO', 'control of fire', 'down hair', 'Tibetan Spaniel', 'American Society for the Prevention of Cruelty to Animals', 'Welsh mythology', 'China', 'Mountain dog', 'Argos (dog)', 'tick', 'Bernese mountain dog', 'guard dog', 'domesticated', 'dog in Chinese mythology', 'Coyote', 'Old English', 'urinary incontinence', 'kennel club', 'Border Collie', 'Vietnam', 'English Mastiff', 'Dirofilaria immitis', 'dominance (ethology)', 'Dogs in warfare', 'Before_Present', 'Yorkshire Terrier', 'Colin Groves', 'genetic divergence', 'animal protection organizations', 'Inuit', 'Carnivora', 'Juliet Clutton-Brock', 'Balto', 'Apache', 'Reuters', 'Puppy', 'pre-Columbian Mexico', 'Renaissance', 'French Bulldog', 'dog attack', 'Evolution of the wolf', 'clades', 'pulmonary valve stenosis', 'Dog odor', 'ovum', 'Toxocara canis', 'toxocariasis', 'Cairn terrier', 'North Malabar', 'Indochina', 'Jewish law', 'Muthappan Temple', 'American Pet Products Manufacturers Association', 'wolf', 'Opinion 2027', 'wikt:extant', 'bite inhibition', 'disulfide', 'artificial selection', 'Polynesia', 'Brittany (breed)', 'Mammal Species of the World', 'wikt:docga', 'Human–canine bond', 'Dog anatomy', 'Caucasus', 'selective breeding', 'hookworm', 'grape', 'Philippine mythology', 'Hachikō', 'Shar Pei', 'genus', 'Richard H. Tedford', 'Xiaoming Wang', 'Anim. Reprod. Sci.', 'macadamia nut', 'Homer', 'fertilization', 'Ethnocynology', 'Elbow dysplasia', 'estrous cycle', 'Biological Species Concept', 'luxating patella', 'Pusuke', 'Toy Poodles', 'puppy', 'uterus', 'hip dysplasia (canine)', 'coat (dog)', 'Moult', 'Sympatry', 'Beringia', 'magnetic resonance imaging', 'cleft lip and palate', 'Kerala', 'scavenger', 'Braque du Bourbonnais', 'nureongi', 'Center for Disease Control', 'Naraka', 'basset hound', 'Dog breed', 'Lost pet services', 'Ensembl', 'Canine tying', 'diabetes in dogs', 'Dog (zodiac)', 'free-ranging dog', 'Dognapping', 'animal shelter', 'Castration', 'Doga (Dog Yoga)', 'guide dog', 'flea', 'sobriquet', 'Catecholamine', 'scientific names', 'Centers for Disease Control and Prevention', 'gestation period', 'ovary', 'pack animal', 'toy dog', 'Annwn', 'Canis', 'Greek mythology', 'roundworm', 'Tadaklan', 'dingo', 'raisin', 'Laika', 'diminutive', 'electrophoresis', 'Dictionary.com', 'Chihuahua (dog)', 'dog tail', 'temporalis muscle', 'hygiene hypothesis', 'hunting dog', 'puberty', 'bosintang', 'Helheim', 'Yama', 'roundworms', 'Dogs in art', 'Indonesia', 'Walter de Gruyter', 'Synonym (taxonomy)', 'Guinness Book of World Records', 'Aging in dogs', 'countershading', 'Bloodhound', 'Middle Ages', 'Cerberus', 'hunter-gatherers', 'pre-caudal gland', 'Striped hyena', 'horse', 'inbreeding coefficient', 'Korea', 'microsatellite', 'neutering', 'Malaysia', 'Bluey (dog)', 'theory of mind', 'Epic poetry', '1925 serum run to Nome', 'Great Dane', 'Chinvat Bridge', 'Muthappan', 'euthanasia', 'dachshund', 'Natufian culture', 'Dogs in the United States', 'Tiger', 'Ain Mallaha', 'Spraying (animal behavior)', 'artificial insemination', 'Gheorghe Benga', 'guard hair', 'obligate carnivore', 'dog training', 'Service dog', 'Animal euthanasia', 'Hindu mythology', 'hound', 'thiosulphate', 'Wolfdog', 'Athabaskan languages', 'Leopard', 'taboo food and drink', 'hookworms', 'conserved name', 'scallion', 'International Commission on Zoological Nomenclature', 'litter (animal)', 'Odyssey', 'Qi', 'Animal track', 'Garmr', 'begonia', 'pregnancy', 'Turkmenistan', 'detection dog', 'Odysseus', 'pet', 'omnivore', 'Late Pleistocene', 'service dog', 'herding dog', 'Proto-Indo-European language', 'gray wolf', 'overpopulation in companion animals', 'prostate cancer', 'dog breed', '', 'deafness', 'feral', 'hypersexuality', 'Poinsettia', ""Man's best friend (phrase)"", 'Auditory bulla', 'Colorado', 'docking (dog)', 'Manchuria', 'cat', 'Japanese Spitz', 'Humane Society of the United States', 'wikt:Reconstruction:Proto-Indo-European/ḱwṓ', 'morphology (biology)', 'Hunting', 'mite', 'Border Terrier', 'starch', 'xylitol', 'Irish Wolfhound', 'Persian mythology', 'withers', 'Neutering', 'mixed-breed dog', 'Hades', 'pyometra', 'Dog in Chinese mythology', 'pelage', 'sulfoxide', 'garlic', 'agriculturists', 'Musical canine freestyle', 'list of dog sports', 'Brygos', 'predation', 'sled dogs', 'purebred (dog)', 'Siberia', 'Middle English', 'Carl Linnaeus', 'Aleria', 'dog behavior', 'chocolate', 'dewclaws', 'domestication', 'carnivore', 'police dog', 'taxonomic synonym', 'Alaskan Malamute', 'clade', 'pack hunter', 'pet adoption']"
42707354,Canine Efficiency,"['Nature conservation', 'Carpathian Shepherd Dog', 'non-profit organisation']"
16316304,File:Oldenglishterrier6.JPG,"['User:Working terriers', 'User talk:Working terriers']"
50714180,Dog Parker,"['doghouse', 'Brooklyn, NY', 'Car2Go', 'New York City']"
50899941,Category:Dog meat,
51058554,Drafting dog,"['Dog training', 'Molosser', 'Bernese Mountain Dog', 'Appenzeller Sennenhund', 'Sled dog', 'Entlebucher Mountain Dog', 'Swiss mountain dog', 'Moscow Watchdog', 'Greater Swiss Mountain Dog', 'Newfoundland (dog)']"
26108782,File:Basset hound 5weeks.jpg,['User:RisingSunWiki']
51676708,Indian National Kennel Club,"['Ratty Javeri ', 'Danta, Banaskantha', 'Doberman Pinscher', 'Mumbai', 'Mudhol hound', 'Ratty Javeri', 'Maharana Mahipendra Singh', 'Labrador Retriever', 'Golden Retriever', 'Challenge Certificates', 'Championship Certificates', 'Best of Breed', 'Best in Class', 'Best in Group', 'Conformation show', 'Kennel Club', 'Dachshund', 'Pug', 'Danta, Banaskantha ', 'German Shepherd Dog']"
3279728,Dog meat,"['Minahasan languages', 'goat', ':ja:えのころ飯', 'Canadian Food Inspection Agency', 'Frafra people', 'Cuisine of the Philippines', 'venison', 'Java', 'Druidic', 'Vibrio cholerae', 'Wolf hunting', 'Kingdom of Tonga', 'Oceania', 'Lakota people', 'hairless dog', 'Tallensi', 'Maluku culture', 'Shintoism', 'Korean cuisine', 'Meriwether Lewis', 'haraam', 'Balhae', 'geis', 'Muslim', 'Whale meat', 'Xavier Mertz', 'Belgrave Edward Sutton Ninnis', 'Taliesin', 'China', 'Native Hawaiian', 'New York Times', 'Liang Shih-chiu', 'Twitter', 'Seoul', 'neolithic', 'Gauls', 'breed', 'Manchu people', 'pork', 'Vietnam', 'tongseng', 'Douglas Mawson', 'shrines', 'libido', 'food taboo', 'badger', 'Animal welfare and rights in China', 'lunar month', 'Lolo Soetoro', 'Associated Press', 'Americas', 'fat', 'Works Progress Administration', 'Nara period', 'Kakemono', 'Toraja', 'Yulin, Guangxi', 'delicacy', 'Japanese weasel', 'Malays (ethnic group)', 'Benedict Allen', 'Gazeta Wyborcza', 'chili powder', 'Criminal Code (Canada)', 'cholera', 'Hanoi', 'Complex of Goguryeo Tombs', 'Native Americans in the United States', 'Asuka period', 'Xinhua News Agency', 'Minahasa', 'Gyeongsangnam-do', 'Xoloitzcuintle', 'Hidatsa', 'pariah dog', 'Hunan', 'soup', 'Polynesia', 'Soi Dog Foundation', 'Margaret Thatcher', 'Frederick the Great', 'Mizoram', 'Tay Ho', 'Siege of Paris (1870–1871)', 'Buddhism', 'astrology', 'Watlata', 'Satay', 'President Ramos', 'Clatsop', 'Dog Meat Festival', 'luck', 'Częstochowa', 'Southeast Asia', 'Benguet', 'East Asia', 'Nihon Shoki', 'folk medicine', 'Standard Mandarin', 'lychees', 'Kanbun', 'mainland China', 'Tenochtitlan', 'Brigitte Bardot', 'Taboo food and drink', 'Saksang', 'Edo', '1988 Seoul Olympics', 'worshipped', 'Kofun period', 'Jindo (dog)', '2008 Beijing Olympics', 'Oxford University Press', 'beef', 'Northeast India', 'Lesser Poland', 'Mohe people', 'Dietary ash', 'Mexican Hairless Dog', 'Hong Konger', 'Batak (Indonesia)', 'Great Plains', 'Hernán Cortés', 'Federal Department of Home Affairs (Switzerland)', 'William Clark (explorer)', 'The Daily Telegraph', 'Seoul Metropolitan Government', 'Kickapoo people', 'qi', 'Tages-Anzeiger', 'Ebola virus disease', 'Paiute', 'bosintang', 'World Heritage site', 'Sioux', 'Sulawesi', 'North Korean won', 'Department of Justice (Hong Kong)', 'Barack Obama', 'Nagaland', 'Dmoz', 'Satsuma Province', '2002 FIFA World Cup', 'spitz', ""White House Correspondents' Association"", 'good luck charm', 'Comanche', 'Ebola', 'Nureongi', 'Daily NK', 'Korea', 'Corps of Discovery', 'Batak languages', 'Honshū wolf', 'hypervitaminosis A', 'livestock', 'Emperor Tenmu', 'Manila', 'Tahiti', 'Dagaaba', 'Trouw', 'Vame language', 'pemmican', 'Ernest Shackleton', 'BuzzFeed', 'Tages Anzeiger', 'carabao', 'dog', 'Ōta Nanpo', 'Mencius', 'Mamprusi', 'scallion', 'otter', 'North Korea', 'Hawaiian Poi Dog', 'James Cook', 'raccoon dog', 'Asocena', 'landrace', 'netizen', 'NGO', 'bushmeat', 'melanistic mask', 'pre-Columbian', 'World War I', 'battle', 'Roald Amundsen', 'lard', 'emperor', 'Standard Cantonese', 'horse meat', 'Cuchulainn', 'boar', 'Cheyenne', 'Anthony Pagden', 'chicken (food)', '2012 United States Presidential election', 'Manipur', 'Europe', 'Animal Law Review', 'trichinella', 'Dreams of My Father', 'Sina Weibo', 'tribe', 'Ministry of Food and Drug Safety', 'Kunming', 'Javanese language', 'Hong Kong', 'taboo', 'cat', 'Aztec Empire', 'Imperial Trans-Antarctic Expedition', 'Cat meat', 'Far Eastern Party', 'cuisine', 'Rabbit meat', 'adrenalin', 'Hawaii', 'dogs', 'Nez Perce tribe', 'Bali', 'summer solstice', 'Tonga', 'Jurchen people', 'Chongqing', 'Kingdom of Saxony', 'Cuisine of Vietnam', 'East Nusa Tenggara', 'Horse meat', 'rica-rica', 'West Africa', 'Ming dynasty', 'National Assembly of South Korea', 'bamboo shoot', 'Yale University Press']"
236573,Dog food,"['raisin', 'renal failure', 'paper bag', 'Food and Drug Administration (United States)', 'Columella', 'Food and Drug Administration', 'Dental health diets for dogs', 'Animal by-products', 'leftovers', 'Avesta', 'kidney failure', 'neurotoxic', 'aflatoxin B1', 'Offal', 'pasteurization', 'generally recognized as safe', 'Lamb meal', 'melamine', 'aluminum can', 'nutmeg', 'Pascalization', 'disulfide', 'Product recall', 'Nature (journal)', 'domestic cat', ""Spratt's"", 'grape', 'Food drying', 'theobromine poisoning', 'Bovine spongiform encephalopathy', 'animal by-products', 'freshpet', 'macadamia nut', 'pork rind', 'dog biscuit', 'poison', 'Dog biscuit', 'steel can', 'Salmonella', 'Virgil', 'Meat and bone meal', 'Sugar', 'Association of American Feed Control Officials', 'Canada', 'fillers', 'sulfoxide', 'garlic', ""People's Republic of China"", 'Puppy nutrition', 'Wal-Mart', 'Animal digest', 'dog', 'Meat Inspection Act', 'Gluten', 'Menu Foods', 'onion', 'mycotoxin', 'Ken-L Ration', 'thiosulfate', 'chocolate', 'United States Department of Agriculture', 'Pure Food and Drug Act', 'plastic film', 'AAFCO', 'carnivore', 'government regulation', 'milk', 'tallow', 'domestic dog']"
52014686,Dogs in the American Revolutionary War,"['Anglicanism', 'Valley Forge', 'Friedrich Wilhelm von Steuben', 'Abigail Adams', 'Aide-de-camp', 'England', 'First Continental Congress', 'American Foxhound', 'William Howe, 5th Viscount Howe', 'Williamsburg, Virginia', 'Gilbert du Motier, Marquis de Lafayette', 'Age of Enlightenment', 'Mount Vernon', 'Halifax, Virginia', 'John Adams', 'Pomeranian (dog)', 'Continental Army', 'Prussia', 'Thirteen Colonies', 'Battle of Germantown', 'Charles Lee (general)', 'New York (state)', 'George Washington', 'fox hunting']"
53486800,"File:Hawaiian Poi Dog from Jack L. Throp's program, c. 1969.jpg",
53824388,Rolfi,['Funny_Games_(1997_film)']
53874996,Dog bite prevention,"['education ', 'immunizations ', 'rabies', 'dog bite ']"
53903332,Body language of dogs,"['emotion', 'fear', 'Animal emotions', 'friendliness', 'warning sign', 'intention', 'Dominance (ethology)', 'posture', 'happiness', 'Tail wagging by dogs', 'socialization', 'emotional insecurity ']"
53920285,Tail wagging by dogs,"['fear', 'dog bite', 'behavior', 'dominance', 'dog', 'tail']"
3304092,Dog bite,"['animal abuse ', 'Pasteurella', 'Anthrozoology', 'provocation', 'Capnocytophaga', 'dog breed', 'Wolf attacks on humans', 'Morbidity and Mortality Weekly Report', ' disability', 'Bergeyella zoohelcum', 'Emergency Medicine', 'WWJ-TV', 'Dangerous Dogs Act 1991', 'Dog bite prevention', 'Fatal dog attacks in the United States', 'Pediatric Medicine', 'MRSA', 'injury', 'bacteremia', 'Rottweiler', 'American Veterinary Medical Association', 'tetanus', 'Veterinary Medicine', 'dog fight', 'Plastic surgery', 'pit bull', 'pit bull terrier', 'Centers for Disease Control and Prevention', 'breed-specific legislation', 'Coyote attacks on humans', 'man-eater', 'Rottweilers', 'puppies']"
53984662,Rabies in Haiti,"['Rabies vaccine', 'PCEC', 'viral disease', 'encephalitis', ' rabies vaccine ', 'Infectious disease (medical specialty)', 'central nervous system', 'diploid cell', 'loss of consciousness', 'rabies vaccine', 'Rabies virus', 'chick embryo cell culture', 'mammals', 'rabies immunoglobulin']"
54435831,Pet Fed India,"['Pedigree Petfoods', 'Mumbai', 'Garden of Five Senses', ""T.G.I. Friday's"", 'NDTV Good Times', 'Royal Canin', 'Panasonic', 'Kolkata', 'Delhi', 'Tata Motors', 'India', 'Dilli Haat', 'Maneka Gandhi', 'Science City Kolkata', 'Daikin', 'Mahou-San Miguel Group', 'Grofers', 'New Delhi']"
11004369,Category:Cats in popular culture,
8886648,Cattery,"['local authority', 'Animal husbandry', 'Environmental Health', 'The International Cat Association', 'Cat Fanciers Association', 'United Kingdom', 'veterinary surgeon', 'cat', 'Domestication of animals', 'World Cat Federation', 'Associazione Nazionale Felina Italiana', 'Fédération Internationale Féline', 'RSPCA']"
8174570,Category:Cat equipment,
976910,Category:Cat types,"['landrace', 'Cat breed']"
978165,Category:Cats as pets,
710421,Category:Cat breeds,"['Wikipedia:Category', 'cat breed', 'cat']"
16566346,Category:Cat fancy,"['Artificial selection', 'Selective breeding', 'domestic cat', 'Domestication']"
17701542,KattenKabinet,"['Jože Ciuha', 'Herengracht', 'John Adams', 'J. P. Morgan', 'Henri de Toulouse-Lautrec', 'Gouden Bocht', 'Amsterdam', 'Pablo Picasso', 'Guillaume Cornelis van Beverloo', 'Théophile Steinlen', 'cat', 'Sal Meijer', 'Jan Calkoen', 'Engelbert François van Berckel', ""Ocean's Twelve"", 'Rembrandt']"
11503984,Ailurophobia,"['BMJ', 'Ranma Saotome', 'tigers', 'Lucy van Pelt', 'Charlie Brown', 'Nyanko Days', 'Big cats', 'cat', 'lions', 'Big Nate', 'City Hunter', 'specific phobia', 'Ranma 1/2', 'A Charlie Brown Christmas']"
12790679,Toe tuft,"['cat', 'paw', 'Personal grooming', 'hairball']"
20901355,Deaf white cat,"['inner ear', 'white spotting', 'spiral ganglion', 'odd-eyed cats', 'congenital deafness', 'Pleiotropy', 'Van cat', 'Cat coat genetics', 'organ of Corti', 'Waardenburg Syndrome']"
22078621,Cat training,"['positive reinforcement', 'fear', 'independence', 'clicker', 'toilet', 'The Amazing Acro-Cats', 'punishment', 'Cat behavior', 'Obedience (human behavior)', 'cat', 'kitty litter', 'Urine spraying', 'Clicker training', 'cat communication', 'neutering']"
536789,Cabbit,"['Tenchi Muyo', 'portmanteau', 'rabbit', 'hypoplasia', 'Hybrid (biology)', 'Japan', 'wiktionary:fud', 'Ryo-Ohki', 'Joseph Train', 'cat', 'The Tonight Show Starring Johnny Carson', 'anime', 'Manx cat', 'Jackalope', 'manga']"
24727796,Cat lady,"['Spinster', 'Codename: Kids Next Door', 'compulsive hoarding', 'AOL', 'pejorative', 'Batman Returns', 'obsessive compulsive disorder', 'The Suite Life on Deck', 'William Ewart Gladstone', 'Tyler, The Creator', 'Michelle Pfeiffer', 'Futurama', 'CSI: Crime Scene Investigation', 'Saturday Night Live', 'Catwoman', 'Edith Ewing Bouvier', 'Egyptian Mau', 'The Simpsons', 'Tress MacNeille', 'Toxoplasma gondii', 'Oldschool jungle', 'Florence Nightingale', 'Maureen Hunter', 'cat', 'Grey Gardens (estate)', 'Burt Reynolds', 'stock character', 'Tim Burton', 'Little Edie', 'spinster', 'TVOntario', 'Otto von Bismarck', 'Edith Beale', 'Sally Field', 'black comedy', 'Halle Berry', 'Cats in the Cradle (CSI episode)', ""Wayne's World"", 'Animal hoarding', 'W magazine', 'The Office (U.S. TV series)', 'A Clockwork Orange (film)', 'Venetian Snares', 'Angela Martin', 'Adult Swim', 'paranoia', 'The End (1978 film)', 'The Cat Lady', 'Catwoman (film)', 'Compulsive hoarding', 'The Lego Movie', 'Crazy Cat Lady', 'Think Think and Ah Tsai', 'Dana Carvey', 'Loiter Squad']"
3474408,Cultural depictions of cats,"['Song Dynasty', 'Folklore', 'Jesus', 'Cat communication', 'Ewe people', 'Cat Sith', 'Richard Whittington', 'familiar spirit', 'Muhammad', 'Freyja', 'Hywel Dda', 'witch', 'Norse mythology', 'Kazan', 'Celtic Mythology', 'Plutarch', 'soprano', 'ancient Egypt', 'Tashirojima', 'Cultural depictions of dogs', 'Gertrude of Nivelles', 'Hermitage cats', 'Japan', 'Cloth Hall, Ypres', 'Leo the Lion (MGM)', 'Jaguars in Mesoamerican cultures', 'bell tower', 'Ypres', 'Puss in Boots', 'Elizabeth of Russia', 'Lion (heraldry)', 'Rossini', 'Dick Whittington and His Cat', 'Neolithic', 'Mouse', 'Duetto buffo di due gatti', 'MTM Enterprises', 'Maneki-neko', 'pantomime', 'tabby cat', 'meme', 'Isis', 'nekomata', 'musical theatre', 'cat-burning', 'folklore', 'October Revolution', 'Muezza', 'Cat', 'Mary (mother of Jesus)', 'Macbeth', 'Kattenstoet', 'Cat Duet', 'Black cat', 'Bastet', 'Hermitage Museum', 'Fertile Crescent', 'Cyprus', 'The Internet and cats', 'Lord Mayor of London', 'Aesop', 'Renaissance', 'Winter Palace', 'Tatarstan', 'Black Death', 'Catholicism', 'Ghana']"
66365,Kitten,"['big cat', 'anus', 'infectious disease', 'caracal', 'hypothermia', 'sexual maturity', 'lynx', 'urine', 'gestation', 'deciduous teeth', 'ocelot', 'amnion', 'cat', 'retina', 'antibody', 'Juvenile (organism)', 'malnourishment', 'felidae', 'rabies', 'play (activity)', 'Dairy cattle', 'sv:Kattungar', 'Manila', 'Felis', 'Los Angeles', 'urinary meatus', 'spaying and neutering', 'feline calicivirus', 'weaning', 'urinate', 'animal shelter', 'Litter (animal)', 'feline panleukopenia', 'Middle English', 'feline viral rhinotracheitis', 'Old French', 'Puppy', 'Spaying and neutering', 'roundworm', 'defecate']"
14981609,Felinology,"['Greek language', 'anatomy', 'animal husbandry', 'physiology', 'University of Belgrade', 'cat', 'Haaretz', 'Latin', 'genetics', 'Research']"
7321359,Fel d 1,"['IgE', 'disulfide', 'secondary structure', 'oligosaccharide', 'Allergy to cats', 'Protein family', 'allergen', 'cat', 'HEPA', 'glycoprotein', 'uteroglobin', 'sebaceous gland', 'Allergy', 'secretoglobin', 'heterodimer', 'IgG', 'protein', 'tetrameric protein', 'genes', 'Fel d 4', 'saliva', 'quaternary structure']"
8727319,Cat-burning,"['Carbonization', 'James Frazer', 'Metz', 'Zoosadism', 'witchcraft', 'wicker', 'Cruelty to animals', 'bonfire', 'Devil', 'Ypres', 'cat', 'France', 'Cartesianism', 'vanity', 'Gap, Hautes-Alpes', 'Norman Davies', 'Departments of France', 'Hautes-Alpes', 'Jean Meslier', 'Kattenstoet', 'Louis XIV', 'Robert Darnton', 'fox', 'medieval', 'early modern', 'The Great Cat Massacre']"
31823494,Category:Individual cats,
32437215,Category:Cats by country,
34561692,Category:Lists of cats,
36205810,Human interaction with cats,"['compulsive hoarding', 'constipation', 'Cat coat genetics', 'boreoeutherian ancestor', 'asthma', 'list of cat breeds', 'Genome News Network', 'pet', 'fur trade', 'Y chromosome', 'Litter box', ""Cat Fanciers' Association"", 'Abyssinian (cat)', 'animal welfare', 'Persian cat', 'San Diego Natural History Museum', 'haemophilia', 'tendonectomy', 'Egyptian Mau', 'Switzerland', 'sisal', 'gene', 'Allergy to cats', 'Toxoplasma gondii', 'Allergic rhinitis', 'Genetic disorder', 'sea otter', 'Cat behavior', 'Mutation', 'cat', 'X chromosome', 'Mood (psychology)', 'urban runoff', 'Humane Society of the United States', 'traditional medicine', 'Oriental Shorthair', 'rabies', 'corrugated fiberboard', 'Animal People', 'Abyssinian cat', 'scratching post', 'rash', 'Exotic Shorthair', 'toxoplasmosis', 'Gallup (company)', 'chromosomal translocation', 'domestic long-haired cat', 'American Society for the Prevention of Cruelty to Animals', 'American Veterinary Medical Association', 'commensalism', 'Allergy', 'retinitis pigmentosa', 'rheumatism', 'Devon Rex', 'American Shorthair', 'blood pressure', 'Feline immunodeficiency virus', 'HIV', 'Cat', 'Tay–Sachs disease', 'Puppy cat', 'cat-scratch disease', 'immunosuppression', 'Domestic short-haired cat', 'Animal domestication', 'Odor', 'sand', 'onychectomy', 'bentonite', 'Cat lady', 'diabetes', 'Turkish Angora', 'HIV/AIDS', 'British Shorthair', 'Guangdong', 'dander', 'Mutualism (biology)', 'Genome Research']"
22072677,Operation Cat Drop,"['World Health Organization', 'malaria', 'Royal Air Force', 'Borneo', 'DDT', 'United Kingdom', 'unintended consequences', 'University of Iowa', 'Sarawak', 'dieldrin']"
895672,Feral cat,"['meta-analysis', 'farm', 'Retrovirus', 'intestinal parasite', 'Fort Collins Coloradoan', 'Aoshima, Ehime', 'coyote', 'ear mite', 'bartonellosis', 'Florida', 'house sparrow', 'England', 'mammal', 'Colosseum', 'Newburyport, Massachusetts', 'common blackbird', 'Bartonella henselae', 'Rickettsia', 'Farm cat', 'Hawaiian Islands', 'rabies', 'mean', 'infrared camera', 'American Society for the Prevention of Cruelty to Animals', 'House mouse', 'Journal of Feline Medicine and Surgery', 'Population control', 'disease', 'cat-scratch disease', 'immunosuppression', 'Gold mining', 'Flea', 'Dog', 'Egypt', 'rabies vaccine', 'invertebrate', 'feline immunodeficiency virus', 'crops', 'Plague (disease)', 'Veterinary physician', 'cat food', 'United Kingdom', 'introduced species', 'The Humane Society of the United States', 'Scottish wildcat', 'Apicomplexan life cycle', 'Tame animal', 'Semi-arid climate', 'feline calicivirus', 'flea', 'semi-feral', 'home range', 'Centers for Disease Control and Prevention', 'Feral animal', 'Prince Edward Island', 'Feline viral rhinotracheitis', 'bird of prey', 'mesopredator', 'dingo', 'Merrimack River', 'Canadian Parliamentary Cats', 'trap-neuter-return', 'Municipal solid waste', 'Zoonosis', 'Post-exposure prophylaxis', 'vermin', 'Dorling Kindersley', 'cereal', 'Dominance hierarchy', 'vertebrate', 'marsupial', 'Trap-neuter-return', 'feline respiratory disease complex', 'microsatellite', 'neutering', 'Chlamydia felis', 'toxoplasmosis', 'feline vaccination', 'black rat', ""Ship's cat"", 'mouse', 'landrace', 'Parasitism', 'common ringtail possum', 'Viral shedding', 'Phoenicia', 'European rabbit', 'fodder', 'Toxocara cati', 'United States Department of Defense', 'rat', 'Animal rescue group', 'Toxoplasma gondii', 'feral', 'Despotism', 'Pest (organism)', 'Felis silvestris lybica', 'IUCN Species Survival Commission', 'cat', 'Humane Society of the United States', 'Washington, D.C.', 'wildcat', 'arid', 'ranch', 'Mycoplasma felis', 'United States', 'apex predator', 'introgression', 'list of governments supporting trap-neuter-return', 'feline leukemia virus', 'Feline coronavirus']"
113180,Pussy,"['Donald Trump and Billy Bush recording', 'Mrs. Slocombe', 'Cunt', 'Dick (slang)', 'weakness', 'pus', 'Five Children and It', 'Vladimir Putin', 'vulva', 'synecdoche', 'Dutch language', 'Latin', 'noun', 'E. Nesbit', 'Pussy willow', 'Modern English', 'English language', 'verb', 'Aura Bogado', 'German language', 'Meaning (linguistics)', 'cat', '8 Mile (film)', 'cowardice', 'Noah Webster', 'Lithuanian language', 'connotation', 'tiger', 'Moscow', 'NPR', 'Oxford English Dictionary', 'cognate', 'rabbit', 'vaudeville', 'feminist', ""thieves' cant"", 'Salix', 'Barrison Sisters', 'Middle Low German', 'Salix caprea', 'word play', 'Are You Being Served?', 'etymology', 'sex strike', 'adjective', 'hare', 'catkin', 'street art', 'French language', 'Old English', 'homograph', 'Irish language', 'pecking order', 'Fanny (disambiguation)', 'vulgarity', 'sexual intercourse', 'vagina', 'Wuss', 'Old Norse', 'pullet', 'Old French', 'slang', 'Donald Trump', ""Webster's Dictionary"", 'double entendre', ""2017 Women's March"", 'Pussy Riot', 'euphemism', 'Northern England English', 'Germanic language']"
977022,Category:Cat health,['cat health']
39353382,Category:Cat organizations,
1519473,Cat anatomy,"['Polydactyl cat', 'Scottish Fold', 'cat communication', 'sternum', 'coccyx', 'platysma', 'paw', 'caudal vertebrae', ""Henry's pocket"", 'skull', 'tendon', 'Felidae', 'temporal fossa', 'Linea alba (abdomen)', 'fever', 'lumbar vertebrae', 'mammals', 'Caudofemoralis', 'gait', 'insertion (anatomy)', 'chest', 'domestic cat', 'hypothermia', 'kitten', 'Injection (medicine)', 'tongue', 'mandible', 'adipose tissue', 'toe', 'skin', 'Kneading (cats)', 'Canidae', 'directional hearing', 'anatomy', 'Canada', 'sacrum', 'premolar', 'trapezius muscles', 'cervical vertebrae', 'ultraviolet light', 'eye socket', 'Trapezius muscles', 'Anatomical terms of location', 'rhinarium', 'Molar (tooth)', 'Manx (cat)', 'dewclaw', 'family (biology)', 'camel', 'Personal grooming', 'Felis', 'humerus', 'fur', 'felinae', 'human anatomy', 'arm', 'dog', 'tail', 'thermoregulation', 'dialysis', 'nape', 'vagina', 'Natural bobtail', 'hyperthermia', 'oviducts', 'tooth', 'mutation', 'renal failure', 'digitigrade', 'ulna', 'claw', 'manubrium', 'Filiform papilla', 'genotype', 'Veterinary medicine', 'zygomatic arch', 'cat', 'keratin', 'United States', 'fascia', 'ventral', 'Latissimus Dorsi', 'Human body temperature', 'thoracic vertebrae', 'myosepta', 'clavicle', 'carnassial']"
2558456,Category:Cat behavior,
3665431,Category:Saber-toothed cats,
7672194,Portal:Cats,
23875703,Cat café,"['The Vancouver Observer', 'Ministry of the Environment (Japan)', 'Hannover', 'Celia Hammond', 'Groningen', 'Pattycake Bakery', 'Stressed syllable', 'Pennsylvania', 'Manchester Evening News', 'France TV', 'Baja California', 'Asbury Park, New Jersey', 'Mason, Ohio', 'Butler County, Ohio', 'Taipei', 'Click!', 'Koneko (cat cafe)', 'Brussels', 'black cat', 'Portland, Oregon', 'San Francisco Bay Area', 'Bucharest', 'San Diego 6', 'Montreal', 'Reuters', 'Cover charge', 'Nihon Keizai Shimbun', 'Cat communication', 'pet rental', 'Kraków', 'Totnes', 'The Japan Times', 'Atlanta, Georgia', 'The Guardian', 'The Humane Society of the United States', 'Dallas, Texas', 'Hengelo', 'Vancouver', 'Saint Petersburg', 'Toronto', 'Bournemouth', 'Los Angeles', 'Osaka', 'The Hague', 'language game', 'Amsterdam', 'Ontario', 'Crumbs and Whiskers', 'Christian Science Monitor', 'Pardubice', 'Denver, Colorado', 'Hypoallergenic cats', 'San Diego', 'Mexico city', 'Royal Society for the Prevention of Cruelty to Animals', 'Adevărul Holding', 'Tampere', 'La Stampa', 'Vista Ridge Mall', 'Tallinn', 'Helsinki', 'Auckland', 'Nebraska', 'Turin', 'Purringtons Cat Lounge', 'cat breed', 'Rotterdam', 'New York City', 'café', 'HappyCow', 'Columbus, Ohio', 'San Diego, California', 'Huffington Post', 'San Francisco, California', 'Olomouc', 'pub', 'Grand Rapids, Michigan', 'Ohio', 'Tijuana', 'NBC 7 San Diego', 'Austin, Texas', 'Naples, Florida', 'Cats Protection', 'Lewisville, Texas', 'Prague', 'Fox 5 San Diego', 'San Jose, California', 'Siberian cat', 'British Columbia', 'Chelsea, Quebec', 'cat', 'Charleston, South Carolina', 'Washington, D.C.', 'Oxford Dictionary of English', 'Tokyo', 'Warsaw', 'Oakland, California', 'Global Post', 'feral cat', 'Guelph', 'Agri-Food and Veterinary Authority of Singapore', 'KIRO-FM', 'Cluj-Napoca', 'Mumbai', 'Petting zoo', 'Franklin, Massachusetts', 'Den Bosch', 'About.com', 'Seattle, Washington', 'Daily Record (Scotland)']"
583254,Cat coat genetics,"['Bicolor cat', 'Maltese cat', 'Chimera (genetics)', 'epistasis', 'Birman', 'Barr body', 'White tiger', 'Peterbald', 'Deaf white cat', 'Sphynx (cat)', 'melanin', 'tyrosine', 'Norwegian forest cat', 'Cornish Rex', 'Persian cat', 'calico cat', 'melanophilin', 'X-inactivation', 'melanocyte', 'gene', 'Burmese (cat)', 'x-inactivation', 'Recessive gene', 'agouti gene', 'phaeomelanin', 'Tortoiseshell cat', 'king cheetah', 'Locus (genetics)', 'Dominance (genetics)', 'Mutation', 'cat', 'X chromosome', 'Awn hair', 'Siamese cat', 'Turkish Van', 'agouti signalling peptide', 'down hair', 'Abyssinian cat', 'cat breed', 'enzyme', 'Selkirk Rex', 'melanocortin', 'American Wirehair', 'domestic long-haired cat', 'melanocytes', 'XY sex-determination system', 'metabolic pathway', 'tabby cat', 'Devon Rex', 'Rufous polygenes', 'Snowshoe (cat)', 'German Rex', 'LaPerm', 'York Chocolate cat', 'albinism', 'Guard hair', 'Mosaic (genetics)', 'Point coloration', 'epistatic', 'tortoiseshell cat', 'agouti signaling protein', 'Chausie', 'Point (coat color)', 'Tonkinese cat', 'Melanin', 'recessive', 'Ornithine Transcarbamylase Deficiency', 'Sterility (physiology)', 'tabby', 'homozygous', 'Tabby cat', 'Lake Van', 'Tabby', 'chimera (genetics)', 'allele', 'Oregon Rex', 'strabismus', 'domestic shorthaired cat', 'tyrosinase', 'genetics', 'neurotransmitter', 'Calico cat']"
44961465,Pinch-induced behavioral inhibition,"['neck', 'Felidae']"
45049201,Pink cat,"['Redruth', 'Cat coat genetics', 'pink', 'Jerry Beck', 'genetic mutation', 'Cats Protection', 'bicolor cat', 'food colouring', 'Netherlands', 'Port Talbot Steelworks', 'The Pink Panther', 'calico cat', 'RSPCA', 'Sid James', 'Century Park (Shanghai)', 'Friz Freleng', 'cat', 'Launceston, Cornwall', 'Bulgaria', 'Wales', 'Shanghai', 'Pink Panther (character)', 'Russian Blue', 'Swindon', 'Bagpuss', 'animation', 'Grange Calveley', 'Peter Sellers', 'Florentijn Hofman', 'Roobarb and Custard', 'dye']"
5625640,Cat meat,"['Tokugawa period', 'Huari, Peru', 'Central Europe', 'kashrut', 'Ephigenia', 'ALF (TV series)', 'Berlingske Media', ':ja:マヤーのウシル', 'Daily News (New York)', 'Dragon tiger phoenix ', 'Anhui', 'animal welfare', 'domestic cat', 'The Book of Eli', 'cloven hooves', 'arthritis', 'Indigenous Australians', 'bacteria', 'Argentina', 'Islam', 'Santa Efigenia', 'The Guardian', 'Afro-Peruvian', 'animal euthanasia', 'fauna', 'aphrodisiac', 'Korea', 'Guangxi', 'Jiangsu', 'World War I', 'Islamic dietary laws', 'Ryukyuan people', 'Guangzhou', 'Italy', 'Valdarno', 'shanty town', 'China', 'Rosario, Santa Fe', 'Judaism', 'wiktionary:tiểu hổ', 'Dog meat', 'Peru', 'wiktionary:mèo', 'Shenzhen', 'farmer', 'Chincha Alta', 'Ancash Region', 'Taboo food and drink', 'World War II', 'animal slaughter', 'wiktionary:thịt', 'toxins', 'taboo food and drink', 'Law of Denmark', 'death threat', 'fricassee', 'neuralgia', 'Horse meat', 'Cameroon', 'Chinese Animal Protection Network', 'B.T. (tabloid)', 'famine food', 'Vicenza', 'Alice Springs, Northern Territory', 'Guangdong', 'Tuscany', 'Andean', 'plum sauce', 'Ica Region']"
46263132,Crumbs and Whiskers,"['small business', 'Los Angeles', 'Washington metropolitan area', 'Karma Rescue', 'coffeehouse', 'Cookies', 'Cat café', 'Los Angeles metropolitan area', 'Tea', 'Kickstarter', 'cats', 'crowdfunding', 'Coffee', 'The Humane Society of the United States', 'Los Angeles, CA', 'cat café', 'Washington, D.C.', 'animal shelter']"
47132135,Hermitage cats,"['The Daily Observer', 'ABC News', 'The Daily Telegraph', 'Hurriyet Daily News', 'Google Books', 'Canadian Parliamentary Cats', 'Hermitage Museum', 'Royal Canin', 'National Geographic Channel', 'cats', 'The New Yorker', 'Chief Mouser to the Cabinet Office', 'Kazan', 'Agence France-Presse', 'BBC', 'Elizabeth of Russia', 'World War II', 'Unicorn Press Limited', 'Tibs the Great', 'Saint Petersburg']"
4678428,Therapy cat,"['Oscar (therapy cat)', 'Animal-assisted therapy', 'anxiety', 'Therapy dog', 'elderly', 'pharmaceutical', 'Service animal', 'blood pressure', 'nursing homes', 'nursing home', 'Service dog']"
49538597,Cat predation on wildlife,"['Indian Ocean', 'SongBird Survival', 'barn cat', 'socorro dove', 'Smithsonian Conservation Biology Institute', 'bubonic plague', 'vole', 'species', 'Māori people', 'Europe', ""Lyall's wren"", 'hutia', 'Royal Society for the Protection of Birds', 'Caribbean', 'rat', 'shrew', 'California', 'United Kingdom', 'marsupial', 'New Zealand', 'BBC Radio 4', 'introduced species', 'island tameness', ""Townsend's shearwater"", 'Pacific Ocean', 'corn bunting', 'Alauda', 'Los Angeles', 'rabbit', 'seabird', 'Marquesan ground dove', 'United States Fish and Wildlife Service', 'Guadalupe storm petrel', 'China', 'Macquarie Island', 'Chicago', 'feral cat', 'Edward Howe Forbush', 'Mexico', 'Kerguelen Islands', 'extinction', 'Placentalia', 'Cat', 'Sir David Attenborough', 'squirrel', 'mouse', 'Mustelidae', 'sheep', 'Surplus killing', 'domestication', 'Eurasian tree sparrow', 'rainforest', 'Stephens Island, New Zealand', 'biodiversity', 'Ventura, California', 'island restoration', 'Ascension Island', 'farm cat']"
49659014,"List of cat documentaries, television series and cartoons","['Television_program', 'cartoon', 'Ruby-Spears Productions', 'The Itchy & Scratchy Show', 'Kedi (2016 film)', '20th Television', 'Termite Films', 'King Features Syndicate', 'Universal Press Syndicate', 'Must Love Cats', 'Cats 101', 'Garfield', 'cat', 'Krazy Kat', 'Hanna-Barbera', 'Public Broadcasting Service', 'National Geographic Society', 'Revolution LLC', 'Animal Planet', 'Tom and Jerry', 'Heathcliff (1980 TV series)', 'documentaries', 'Columbia River Entertainment']"
49876887,Koneko (cat cafe),"['Manhattan', 'felines', 'New York City', 'Bouley', 'animal euthanasia ', 'cat cafe', 'Momofuku Noodle Bar', 'Lower East Side']"
51074710,Purringtons Cat Lounge,"['Sherwood, Oregon', 'cat café', 'Portland, Oregon', 'Boise, Portland, Oregon']"
20355828,Cat gap,"['Chicxulub crater', 'Bering land bridge', 'hemicyonine', 'Extinction event', 'Fauna', 'aerosol', 'Timeline of glaciation', 'Greenland', 'Enhydrocyon', 'Proailurus', 'Alaska', 'Mesocyon', 'Caniformia', 'Asia', 'nimravid', 'Harrisonian', 'Felidae', 'caldera', 'La Garita Caldera', 'Nimravidae', 'ursids', 'Miocene', 'thermohaline circulation', ""Cope's rule"", 'canids', 'clades', 'Middle Miocene', 'mustelids', 'Ecological succession', 'ecological niche', 'ignimbrite', 'volcanic winter', 'Cougar', 'caniformia', 'Tooth', 'stratosphere', 'geologic temperature record', 'Canidae', 'Arikareean', 'Antarctica', 'carnivora', 'creodont', 'Mammocyon', 'Series (stratigraphy)', 'morphospace', 'Temnocyon', 'Iceland', 'Hesperocyoninae', 'solar radiation', 'Barbourofelidae', 'evolution', 'Megalictis', 'Molar (tooth)', 'sulphuric acid', 'Feliformia', 'Volcanic Explosivity Index', 'Parenhydrocyon', 'Cephalogale', 'phylogenetic', 'hyaenodont', 'San Juan Mountains', 'hypercarnivore', 'Monroecreekian', 'Fish Canyon eruption', 'Miacoidea', 'ecosystem', 'sulphur', 'Smilodon', 'Morphology (biology)', 'Arctic', 'forest', 'Saber-toothed cat', 'global cooling', 'nimravids', 'Cretaceous–Paleogene extinction event', 'troposphere', 'endemic', 'dinosaurs', 'Environment (biophysical)', 'volcanic activity', 'amphicyonid', 'Colorado', 'Daphoenodon', 'North America', 'entelodont', 'extinction', 'savanna', 'Phoberocyon', 'Oligocene', 'Mustelidae', 'glaciation', 'hypercarnivory', 'Pseudaelurus', 'fossil record']"
51511707,Exotic felines as pets,"['exotic pet', 'Cheetah', 'Lynx', 'Serval', 'Savannah cat', 'Lion taming', 'Feline Conservation Federation', 'Bengal cat', 'Animal training', 'pet', 'Big cat', 'caracal', 'Exotic pet', 'Felidae', 'Cat']"
1846593,Cats in ancient Egypt,"['lion', 'granary', 'Cambyses II of Persia', 'Mafdet', 'Herodotus', 'ancient Egypt', 'Diodorus Siculus', 'snake', 'Egyptian Mau', 'Ancient Egyptian religion', 'Ancient Greece', 'Sekhmet', 'Nile Delta', 'cremation', 'Bubastis', 'African wildcat', 'Martin Conway, 1st Baron Conway of Allington', 'Shoshenq I', 'British Museum', 'afterlife', 'relic', 'Persian Empire', 'Beni Hasan', 'Édouard Naville', 'wildcat', 'Eye of Ra', 'Cyrus the Great', 'Egyptian soul', 'capital punishment', 'New Kingdom', 'Edward Bleiberg', 'Mummy', 'justice', 'Upper and Lower Egypt', 'Ancient Rome', 'linen', 'mummy', 'amulet', 'cat mummies', 'Ptolemy XII Auletes', 'Cats and Islam', 'Animal worship', 'Cat', 'Gayer-Anderson cat', 'fertility', 'cemetery', 'Bastet', 'mother', 'Fertile Crescent', 'fox', 'domestication', 'History of cats', 'mongoose', 'cobra']"
8526165,Cat senses,"['navigation', 'depth perception', 'big cat', 'barrel cortex', 'lens (anatomy)', 'depth of field', 'visual acuity', 'Evolutionary biology', 'ultraviolet', 'mRNA', 'ecological niche', 'blink', 'vibrissae', 'evolution', 'pupil', 'evolutionary tree', 'olfactory epithelium', 'Hertz', 'gene', 'horse', 'adaptation', 'retina', 'cat', 'tears', 'olfaction', 'Flehmen response', 'TAS1R2', 'nerve', 'sensory receptor', 'reading frame', 'snout', 'predator', 'field of view', 'vomeronasal organ', 'genetic marker', 'deletion (genetics)', 'Google:cats senses', 'tapetum lucidum', 'nictitating membrane', 'odd-eyed cat', 'Optic fovea', 'accuracy and precision', 'taste bud', 'protein', 'Felidae', 'dog', 'color', 'T1R3', 'three-dimensional space', 'deletion mutation', 'Transcription (genetics)', 'Big cat', 'visual cortex', 'mutation', 'High speed photography', 'sweetness', 'Sphynx (cat)', 'pinna (anatomy)', 'sound']"
1136673,Point coloration,"['Oxford sheep', 'Valais Blacknose (sheep)', 'Dorset Down', 'Cat coat genetics', 'Peterbald', 'Snowshoe cat', 'thermolabile', 'melanin', 'Bay (horse)', 'kitten', 'Agouti signalling peptide', 'Californian rabbit', 'fancy rat', 'Siberian cat', 'Colorpoint Shorthair', 'horse breed', 'selective breeding', 'Hampshire sheep', 'Locus (genetics)', 'Birman cat', 'Javanese cat', 'Champagne gene', 'Tunis (sheep)', 'Tortoiseshell cat', 'tyrosinase', 'Dun gene', 'horse', 'Siamese (cat)', 'cat', 'dilution gene', 'Norfolk Horn', 'Catster', 'rabbit', 'chestnut (coat)', 'Suffolk (sheep)', 'Clun Forest (sheep)', 'mink pattern', 'sepia pattern', 'tabby cat', 'Buckskin (horse)', 'Himalayan rabbit', 'albinism', 'Highlander cat', 'dun gene', 'Ragdoll cat', 'scrotum', 'Tonkinese cat', 'Thai cat', 'Melanocortin 1 receptor', 'foundation stock', 'bay (horse)', 'sheep', 'Ragamuffin (cat)', 'Balinese cat', 'horse markings', 'Shropshire (sheep)', 'Napoleon cat', 'British Shorthair', 'Wensleydale (sheep)', 'mutation', 'Himalayan cat', 'cream gene', 'tabby', 'Siamese cat', 'Tricoloured (horse)']"
52390011,Feline zoonosis,"['tuberculosis', 'West Nile virus', 'Leptospirosis', 'Microsporum', 'Staphylococcus intermedius', 'Sporotrichosis', 'M. tuberculosis', 'Onchocercosis', 'M. microti', 'virus', 'human alveolar echinococcosis', 'Cheyletiellosis', 'headache', 'purulent discharge', 'Mycobacterium bovis', 'Cheyletiells blakei', 'Methicillin-resistant Staphylococcus aureus', 'Plague (disease)', 'Cheyletiella blakei', 'Veterinary medicine', 'Cat bite', 'smallpox', 'immunosuppressed', 'Chagas Disease', 'Echinococcus multilocularis', 'stroke', 'cat', 'Cross-species transmission', 'Emerging infectious disease', 'cowpox infection', 'Veterinary Science', 'Epidermophyton', 'Capnocytophaga canimorsus', 'infection', 'rash', 'toxoplasmosis', 'Ringworm', 'influenza', 'Contagious disease', 'systematic infection', 'nematode', 'Leishmaniasis', 'fungus', 'convulsion', 'arthropod', 'lung fluke', 'Infectious disease (medical specialty)', 'pathogenic bacteria', 'Trichophyton', 'cat scratch disease', 'protozoan', 'septicemia', 'Cryptosporidiosis', 'Pasteurella multocida', 'Bordetella bronchiseptica', 'hemoptysis']"
6678,Cat,"['immunity (medical)', 'Polydactyl cat', 'Actinidia polygama', 'molar (tooth)', 'cat communication', 'Cats in Australia', 'Johann Christian Polycarp Erxleben', 'Transcaucasus', 'mammal', 'scent glands', 'theobromine poisoning', 'coccyx', 'retina', 'Great Britain', 'macular degeneration', 'social grooming', 'Ambush predator', 'tea tree oil', 'Heart rate', 'South Sweden', 'black cat', 'Old English', 'Cat anatomy', 'arthropod', 'ovulation', 'Cancer in cats', 'mammals', 'Cambridge University Press', 'proximal', 'chemical synthesis', 'ancient Egypt', 'artificial selection', 'rapid eye movement sleep', 'kakapo', 'The Guardian', 'catnip', 'Cat and mouse', 'Spanish language', 'Canine tooth', 'Cat pheromone', 'Feline vaccination', 'Integrated Taxonomic Information System', 'nepetalactone', 'Panadol (brand)', 'giraffe', 'Body temperature', 'Fertile Crescent', 'species reintroduction', 'meow', 'premolar', 'Valerian (herb)', 'Konstantin Alekseevich Satunin', 'Chapman & Hall', 'Essential oil', 'Pelecanoides urinatrix', 'Lilium longiflorum', 'Gallia Aquitania', 'James Frazer', 'puberty', 'Chinese mountain cat', 'vomit', 'Synonym (taxonomy)', 'gestation', 'parasite', 'Molar (tooth)', 'Ethylene glycol', 'dewclaw', 'purebred cat', 'terrier', 'dream', 'Departments of France', 'adaptive radiation', 'Animal communication', 'neoteny', 'spraying (animal behavior)', 'cougar', 'Erithacus rubecula', 'lion', 'equilibrioception', 'color vision', 'Ethology', 'familiar spirit', 'pet', 'claw', 'spinal cord', 'arthritis', 'paracetamol', 'rat', 'cosmopolitan species', 'University of Washington', 'Turnagra capensis', 'digestive enzyme', 'herbicide', 'opossum', 'WP:ENGVAR', 'domestic long-haired cat', 'wound', 'subspecies', 'metabolism', 'fungus', 'thoracic vertebrae', 'Mammary tumor', 'clavicle', 'taste aversion', 'spaying', 'wikt:cat nap', 'Catfight (animal behavior)', '10th edition of Systema Naturae', 'National Cancer Institute', 'coyote', 'wikt:-t', 'natural selection', 'carrying capacity', 'Talk:Cat', ""Ahmed ar-Rifa'i"", 'paw', 'lactose intolerant', 'salmonella', 'infection', ':wikt:cat', 'American Society for the Prevention of Cruelty to Animals', 'defecation', 'New York Times', 'Uterine cancer', 'ferret', 'Genetic testing', 'Hautes-Alpes', 'Felidae', 'Swedish language', 'Guttural', 'Cat years', 'naphthalene', 'Preadaptation', 'social hierarchy', 'gait', 'cat pheromone', 'big cat', 'Estrus', 'neophobia', 'sex hormone', 'habituation', 'Freyja', 'leopard cat', 'urine spraying', 'Breastfeeding', 'Gap, Hautes-Alpes', 'gut (anatomy)', 'Ensembl', 'microorganisms', 'Kerguelen Islands', 'sacrum', 'New Zealand merganser', 'Territory (animal)', 'cat scratch disease', 'Cat fancy', 'Forum Romanum', 'Rod cell', 'paralysis', 'Dutch language', 'Metz', 'Cats in ancient Egypt', 'Afroasiatic languages', 'minoxidil', 'night vision', 'Iron Age', 'camel', 'Mesopredator release hypothesis', 'History of agriculture', 'Felis', 'fatty acid', 'Questia', 'houseplant', 'Kellas cat', 'lordosis behavior', 'diarrhea', 'Australasia', 'dietary fiber', 'kneading (cats)', 'British English', 'Domestic short-haired cat', 'engraving', 'International Commission on Zoological Nomenclature', 'Canadian Federation of Humane Societies', 'Chinese Academy of Sciences', 'jaguar', 'grass', 'maneki neko', 'ultrasound', 'Cat body language', 'lizard', 'omnivore', ""Lyall's wren"", 'social animal', 'Iberian Peninsula', 'Low German', 'German language', 'circadian rhythm', 'Norwegian language', 'subjective synonym', 'show cat', 'obligate carnivores', 'litter box', 'Feral cat colony', 'Talk:Cat/Lead photo', 'crepuscular', 'feral cat', 'intestine', 'Creme Puff (cat)', 'Litter (animal)', 'Carl Linnaeus', 'feline leukemia virus', 'Inborn error of metabolism', 'fox', 'raccoon', 'taste bud', 'testicular cancer', 'snarl', 'Olfaction', 'house sparrow', 'Switzerland', 'Coptic language', 'Lithuanian language', 'invasive species', 'superstition', 'Commensalism', 'caudal vertebrae', 'genetic disorder', 'angular momentum', 'breed', 'Muezza', 'Arthur Goldhammer', 'diploid', 'Phenol', 'New York Times Company', 'pathogenic bacteria', 'Western Europe', 'fishkeeping', 'lumbar vertebrae', 'blink reflex', 'sweetness', 'Mutualism (biology)', 'Rallus modestus', 'Cat communication', 'arginine', 'physiology', 'fur trade', 'virus', 'Pedigree (cat)', 'tongue', 'genus', 'Cat breed', 'animal model', 'Early Modern English', 'Dog breeds', 'Neolithic', 'polyestrous', 'hexachlorophene', 'feral cat colony', 'tapetum lucidum', 'Cats in New Zealand', 'cat righting reflex', 'Irish language', 'sailing ship', 'Louis XIV', 'hairbrush', 'Boston', 'SeaWorld Parks and Entertainment', 'Sufi', 'European wildcat', 'Coat (animal)', 'vulva', 'Cat senses', 'cervical vertebrae', 'vermin', 'Thermoregulation', 'cat fancy', 'wicker', 'Cats in the United States', 'junior synonym', 'bettong', 'neutering', 'Scotland', 'Belgium', 'frequency', 'fur', 'pica (disorder)', 'pelvis', 'feces', 'Breathing rate', ""Ship's cat"", ""Schrödinger's cat"", 'Desmond Morris', 'vagina', 'Trill consonant', 'penile spines', 'New Scientist', 'Cat burning', 'aspirin', 'Cone cell', ""Jacobson's organ"", 'Felis silvestris', 'Pupil', 'leopard', 'Abandoned pets', ""Cat Fanciers' Association"", 'quadruped', 'African wildcat', 'growling', 'languages of Europe', 'feral', 'Ypres', 'keratin', 'traditional medicine', 'protozoans', 'hybrid (biology)', 'Neutering', 'predation', 'Cat lady', 'carnassial', 'olfactory bulb', 'purr', 'Pinna (anatomy)', 'folic acid', 'Cats and the Internet', 'pademelon', 'Muhammad', 'Middle East', 'Norse mythology', 'Felinae', 'Mundo Estranho', 'Colosseum', 'Panthera', 'olfactory mucosa', 'amino acid', 'seawater', 'Roman Empire', 'Frederick, Maryland', 'mothball', 'superfecundation', 'vibrissa', 'Near Eastern wildcat', 'China', 'Ancient Rome', 'Islam and cats', 'animal worship', 'Age of Discovery', 'immunization', 'Hungary', 'ecological niche', 'feline immunodeficiency virus', 'Bird', 'taurine', 'kitten', 'witchcraft', 'insecticide', ':wikt:puss', 'hairball', 'introduced species', 'jungle cat', 'rodenticide', 'Felid hybrid', 'symptoms', 'animal population control', 'Antarctica', 'rheumatism', 'cat and mouse', 'loanword', 'phylogenetics', 'Cyprus', 'laser pointer', 'Popular cat names', 'wikt:ϣⲁⲩ', 'ovarian cancer', 'sand cat', 'Carbonization', 'idiom', 'Maine Coon', 'سير أعلام النبلاء', 'Pet door', 'eye socket', 'Convention (norm)', 'antifreeze', 'Old Church Slavonic', 'Pocono Record', 'Philodendron', 'Manx (cat)', 'Trap-neuter-return', 'tiger', 'Prunella modularis', 'toxoplasmosis', 'detoxification', 'castration', 'Pet first aid', 'Norman Davies', 'Byzantine Greek', 'Dettol', 'French language', '3-mercapto-3-methylbutan-1-ol', 'Gallup poll', 'Bastet', 'Editora Abril', 'Animal track', 'micrometre', 'leather', 'Shillourokambos', 'digitigrade', 'Tylenol (brand)', 'chromosome', 'chromatic aberration', 'Filiform papilla', 'dominance hierarchy', 'Herd behavior', 'Pine-Sol', 'Gut (anatomy)', 'Near East', 'Feral cat', 'Trichromacy', 'Animal testing on cats', 'Kattenstoet', 'Portuguese language', 'Cat registry', 'carnivore', 'Dog–cat relationship', 'quantum mechanics']"
54329819,Cat bite,"['Human interaction with cats', 'Cat communication', 'Pasteurella', 'Uncinaria stenocephala', 'Cat-scratch Disease', 'Streptococcus', 'kitten', 'Bergeyella', 'Cait Brennan', 'Plague (disease)', 'Bartonella henselae', 'Cat health', 'Emergency Medicine', 'nonpathogenic organisms', 'Microbiota', 'Pasteurellosis', 'dog bite', 'Pediatric Medicine', 'Capnocytophaga canimorsus', 'infection', 'Cat-scratch disease', 'teeth', 'Veterinary Medicine', 'Ancylostoma braziliense', 'Integrated Taxonomic Information System', 'Plastic surgery', 'Hookworm infection', 'Animal bite', 'Cat', 'healing', 'Staph', 'Bartonella', 'Ancylostoma tubaeforme', 'bacterium']"
21682560,Ancylostoma tubaeforme,"['hookworm', 'Ancylostoma', 'Cat bite', 'Secernentea', 'Ancylostoma braziliense', 'Feline zoonosis', 'Strongylida', 'Nematoda', 'Animal', 'dermatitis']"
54356603,Feline diseases,"['Feline cutaneous asthenia', 'Feline hyperesthesia syndrome', 'Hypertrophic cardiomyopathy', 'Paragonimus', 'Pyometra', 'Cowpox', 'Bone cancer in cats and dogs', 'Cat skin disorders', 'Toxocara cati ', 'Dry eye syndrome', 'Feline cognitive dysfunction', 'Flea allergy dermatitis', 'Polyneuropathy in dogs and cats ', 'Ectopia lentis', 'Portosystemic shunt', 'Toxoplasma gondi', 'Thelaziasis', ""Tyzzer's disease"", 'Feline leukemia virus', 'Cat flu', 'Diabetes in cats', 'Eosinophilic esophagitis', 'Feline spongiform encephalopathy', 'Luxating patella', 'cat', 'Rabies', 'Feline panleukopenia', 'Flat-chested kitten syndrome', 'Dirofilaria immitis ', 'Feline lymphoma', 'Feline odontoclastic resorptive lesion', 'Caliciviridae ', 'Feline hyperaldosteronism', 'Tritrichomonas blagburni ', 'Psychogenic alopecia', 'Feline hepatic lipidosis', 'Feline asthma', 'Feline hyperthyroidism', 'Cat-scratch disease', 'Cuterebriasis', 'Bladder cancer in cats and dogs', 'Lymphocytopenia', 'Toxocariasis', 'Heart valve dysplasia', 'Feline lower urinary tract disease', 'Feline immunodeficiency virus', 'Coccidia', 'Feline acne', 'Mastocytoma', 'Hookworm infection', 'Protothecosis', 'Feline infectious anemia', 'Feline cystitis', 'Avian influenza in cats', 'Otitis externa in animals', 'Feline calicivirus', 'Mycobacterium lepraemurium ', 'Florida keratopathy', 'Haemophilus felis', 'Rickettsia felis', 'Feline infectious peritonitis', 'Miliary dermatitis', 'Chlamydophila felis', 'Feline coronavirus', 'Feline distemper', 'Feline viral rhinotracheitis', 'Vaccine-associated sarcoma ', 'Cancer in cats', 'Cryptosporidiosis', 'Head pressing', 'Eosinophilic granuloma']"
53286797,International Cat Day,"['International Fund for Animal Welfare', 'National Cat Day']"
